Compiling GPU engine code:

***********enter Sim construction function!

cfg.ccMethod: 1
  Agent entity created for tensor access. Python can now access tensors.
Initialization finished
======================================================
=== pass_config_data_and_gen_network_entt ===
topo_tensor.data: 0,0,0,0,0,0,
Tensor data availability: Topo=Empty, Fib=Empty
No tensor data available yet - entities will be created when data arrives
======================================================
======================================================
=== pass_config_data_and_gen_network_entt ===
topo_tensor.data: 6144,
Tensor data availability: Topo=Available, Fib=Available

=== Creating network entities based on tensor data ===
  1. Parsing topo tensor data...
   ✓ Topo data parsed: num_link=6144, num_net_npu=1024, num_switch=320
  2. Parsing fib tensor data...
   ✓ Fib data parsed: 59609088 entries processed
  3. Creating network entities with parsed data...
    *******generate_switch*******
    Total 320 switches
   ✓ Created 320 switches
    *******Generate in ports*******
   ✓ Created 5120 ingress ports
    enter generate_egress_port_and_nic
   ✓ Created 5120 egress ports
    enter generate_host
Total 320 switches, 5120 in_ports, 5120 e_ports, 1024 net_npus
   ✓ Created 1024 NPUs
=== Network entity creation completed ===
======================================================
set flow id 864: 864->865 10000000, 
set flow id 320: 320->321 10000000, 
set flow id 480: 480->481 10000000, 
set flow id 832: 832->833 10000000, 
set flow id 672: 672->673 10000000, 
set flow id 768: 768->769 10000000, 
set flow id 32: 32->33 10000000, 
set flow id 928: 928->929 10000000, 
set flow id 576: 576->577 10000000, 
set flow id 416: 416->417 10000000, 
set flow id 992: 992->993 10000000, 
set flow id 288: 288->289 10000000, 
set flow id 544: 544->545 10000000, 
set flow id 512: 512->513 10000000, 
set flow id 256: 256->257 10000000, 
set flow id 321: 321->322 10000000, 
set flow id 896: 896->897 10000000, 
set flow id 481: 481->482 10000000, 
set flow id 192: 192->193 10000000, 
set flow id 417: 417->418 10000000, 
set flow id 736: 736->737 10000000, 
set flow id 993: 993->994 10000000, 
set flow id 289: 289->290 10000000, 
set flow id 545: 545->546 10000000, 
set flow id 96: 96->97 10000000, 
set flow id 513: 513->514 10000000, 
set flow id 257: 257->258 10000000, 
set flow id 960: 960->961 10000000, 
set flow id 448: 448->449 10000000, 
set flow id 0: 0->1 10000000, 
set flow id 352: 352->353 10000000, 
set flow id 769: 769->770 10000000, 
set flow id 800: 800->801 10000000, 
set flow id 384: 384->385 10000000, 
set flow id 640: 640->641 10000000, 
set flow id 160: 160->161 10000000, 
set flow id 833: 833->834 10000000, 
set flow id 418: 418->419 10000000, 
set flow id 224: 224->225 10000000, 
set flow id 482: 482->483 10000000, 
set flow id 290: 290->291 10000000, 
set flow id 770: 770->771 10000000, 
set flow id 865: 865->866 10000000, 
set flow id 673: 673->674 10000000, 
set flow id 258: 258->259 10000000, 
set flow id 994: 994->995 10000000, 
set flow id 322: 322->323 10000000, 
set flow id 961: 961->962 10000000, 
set flow id 577: 577->578 10000000, 
set flow id 771: 771->772 10000000, 
set flow id 291: 291->292 10000000, 
set flow id 225: 225->226 10000000, 
set flow id 161: 161->162 10000000, 
set flow id 449: 449->450 10000000, 
set flow id 866: 866->867 10000000, 
set flow id 259: 259->260 10000000, 
set flow id 641: 641->642 10000000, 
set flow id 128: 128->129 10000000, 
set flow id 64: 64->65 10000000, 
set flow id 483: 483->484 10000000, 
set flow id 962: 962->963 10000000, 
set flow id 292: 292->293 10000000, 
set flow id 897: 897->898 10000000, 
set flow id 385: 385->386 10000000, 
set flow id 929: 929->930 10000000, 
set flow id 450: 450->451 10000000, 
set flow id 162: 162->163 10000000, 
set flow id 514: 514->515 10000000, 
set flow id 260: 260->261 10000000, 
set flow id 33: 33->34 10000000, 
set flow id 834: 834->835 10000000, 
set flow id 323: 323->324 10000000, 
set flow id 995: 995->996 10000000, 
set flow id 801: 801->802 10000000, 
set flow id 129: 129->130 10000000, 
set flow id 930: 930->931 10000000, 
set flow id 293: 293->294 10000000, 
set flow id 261: 261->262 10000000, 
set flow id 65: 65->66 10000000, 
set flow id 867: 867->868 10000000, 
set flow id 324: 324->325 10000000, 
set flow id 963: 963->964 10000000, 
set flow id 193: 193->194 10000000, 
set flow id 608: 608->609 10000000, 
set flow id 226: 226->227 10000000, 
set flow id 34: 34->35 10000000, 
set flow id 419: 419->420 10000000, 
set flow id 484: 484->485 10000000, 
set flow id 737: 737->738 10000000, 
set flow id 386: 386->387 10000000, 
set flow id 294: 294->295 10000000, 
set flow id 353: 353->354 10000000, 
set flow id 868: 868->869 10000000, 
set flow id 163: 163->164 10000000, 
set flow id 704: 704->705 10000000, 
set flow id 898: 898->899 10000000, 
set flow id 451: 451->452 10000000, 
set flow id 130: 130->131 10000000, 
set flow id 674: 674->675 10000000, 
set flow id 262: 262->263 10000000, 
set flow id 996: 996->997 10000000, 
set flow id 420: 420->421 10000000, 
set flow id 66: 66->67 10000000, 
set flow id 869: 869->870 10000000, 
set flow id 931: 931->932 10000000, 
set flow id 964: 964->965 10000000, 
set flow id 97: 97->98 10000000, 
set flow id 738: 738->739 10000000, 
set flow id 164: 164->165 10000000, 
set flow id 325: 325->326 10000000, 
set flow id 263: 263->264 10000000, 
set flow id 899: 899->900 10000000, 
set flow id 485: 485->486 10000000, 
set flow id 227: 227->228 10000000, 
set flow id 932: 932->933 10000000, 
set flow id 35: 35->36 10000000, 
set flow id 421: 421->422 10000000, 
set flow id 997: 997->998 10000000, 
set flow id 772: 772->773 10000000, 
set flow id 835: 835->836 10000000, 
set flow id 387: 387->388 10000000, 
set flow id 515: 515->516 10000000, 
set flow id 354: 354->355 10000000, 
set flow id 131: 131->132 10000000, 
set flow id 295: 295->296 10000000, 
set flow id 98: 98->99 10000000, 
set flow id 965: 965->966 10000000, 
set flow id 802: 802->803 10000000, 
set flow id 326: 326->327 10000000, 
set flow id 1: 1->2 10000000, 
set flow id 486: 486->487 10000000, 
set flow id 36: 36->37 10000000, 
set flow id 388: 388->389 10000000, 
set flow id 870: 870->871 10000000, 
set flow id 933: 933->934 10000000, 
set flow id 578: 578->579 10000000, 
set flow id 99: 99->100 10000000, 
set flow id 355: 355->356 10000000, 
set flow id 228: 228->229 10000000, 
set flow id 327: 327->328 10000000, 
set flow id 194: 194->195 10000000, 
set flow id 2: 2->3 10000000, 
set flow id 389: 389->390 10000000, 
set flow id 998: 998->999 10000000, 
set flow id 296: 296->297 10000000, 
set flow id 836: 836->837 10000000, 
set flow id 165: 165->166 10000000, 
set flow id 705: 705->706 10000000, 
set flow id 546: 546->547 10000000, 
set flow id 487: 487->488 10000000, 
set flow id 132: 132->133 10000000, 
set flow id 452: 452->453 10000000, 
set flow id 264: 264->265 10000000, 
set flow id 195: 195->196 10000000, 
set flow id 3: 3->4 10000000, 
set flow id 966: 966->967 10000000, 
set flow id 934: 934->935 10000000, 
set flow id 67: 67->68 10000000, 
set flow id 871: 871->872 10000000, 
set flow id 100: 100->101 10000000, 
set flow id 773: 773->774 10000000, 
set flow id 999: 999->1000 10000000, 
set flow id 453: 453->454 10000000, 
set flow id 706: 706->707 10000000, 
set flow id 133: 133->134 10000000, 
set flow id 837: 837->838 10000000, 
set flow id 265: 265->266 10000000, 
set flow id 422: 422->423 10000000, 
set flow id 872: 872->873 10000000, 
set flow id 739: 739->740 10000000, 
set flow id 356: 356->357 10000000, 
set flow id 967: 967->968 10000000, 
set flow id 488: 488->489 10000000, 
set flow id 390: 390->391 10000000, 
set flow id 900: 900->901 10000000, 
set flow id 328: 328->329 10000000, 
set flow id 935: 935->936 10000000, 
set flow id 266: 266->267 10000000, 
set flow id 1000: 1000->1001 10000000, 
set flow id 423: 423->424 10000000, 
set flow id 642: 642->643 10000000, 
set flow id 357: 357->358 10000000, 
set flow id 489: 489->490 10000000, 
set flow id 68: 68->69 10000000, 
set flow id 454: 454->455 10000000, 
set flow id 101: 101->102 10000000, 
set flow id 936: 936->937 10000000, 
set flow id 37: 37->38 10000000, 
set flow id 297: 297->298 10000000, 
set flow id 4: 4->5 10000000, 
set flow id 774: 774->775 10000000, 
set flow id 134: 134->135 10000000, 
set flow id 740: 740->741 10000000, 
set flow id 901: 901->902 10000000, 
set flow id 358: 358->359 10000000, 
set flow id 229: 229->230 10000000, 
set flow id 873: 873->874 10000000, 
set flow id 196: 196->197 10000000, 
set flow id 455: 455->456 10000000, 
set flow id 803: 803->804 10000000, 
set flow id 391: 391->392 10000000, 
set flow id 424: 424->425 10000000, 
set flow id 643: 643->644 10000000, 
set flow id 135: 135->136 10000000, 
set flow id 38: 38->39 10000000, 
set flow id 490: 490->491 10000000, 
set flow id 298: 298->299 10000000, 
set flow id 874: 874->875 10000000, 
set flow id 741: 741->742 10000000, 
set flow id 329: 329->330 10000000, 
set flow id 937: 937->938 10000000, 
set flow id 838: 838->839 10000000, 
set flow id 425: 425->426 10000000, 
set flow id 1001: 1001->1002 10000000, 
set flow id 456: 456->457 10000000, 
set flow id 392: 392->393 10000000, 
set flow id 579: 579->580 10000000, 
set flow id 166: 166->167 10000000, 
set flow id 359: 359->360 10000000, 
set flow id 902: 902->903 10000000, 
set flow id 875: 875->876 10000000, 
set flow id 330: 330->331 10000000, 
set flow id 39: 39->40 10000000, 
set flow id 457: 457->458 10000000, 
set flow id 644: 644->645 10000000, 
set flow id 775: 775->776 10000000, 
set flow id 299: 299->300 10000000, 
set flow id 938: 938->939 10000000, 
set flow id 580: 580->581 10000000, 
set flow id 393: 393->394 10000000, 
set flow id 839: 839->840 10000000, 
set flow id 491: 491->492 10000000, 
set flow id 331: 331->332 10000000, 
set flow id 40: 40->41 10000000, 
set flow id 197: 197->198 10000000, 
set flow id 458: 458->459 10000000, 
set flow id 968: 968->969 10000000, 
set flow id 300: 300->301 10000000, 
set flow id 267: 267->268 10000000, 
set flow id 776: 776->777 10000000, 
set flow id 102: 102->103 10000000, 
set flow id 876: 876->877 10000000, 
set flow id 675: 675->676 10000000, 
set flow id 426: 426->427 10000000, 
set flow id 69: 69->70 10000000, 
set flow id 707: 707->708 10000000, 
set flow id 332: 332->333 10000000, 
set flow id 136: 136->137 10000000, 
set flow id 492: 492->493 10000000, 
set flow id 268: 268->269 10000000, 
set flow id 301: 301->302 10000000, 
set flow id 581: 581->582 10000000, 
set flow id 103: 103->104 10000000, 
set flow id 877: 877->878 10000000, 
set flow id 5: 5->6 10000000, 
set flow id 903: 903->904 10000000, 
set flow id 516: 516->517 10000000, 
set flow id 804: 804->805 10000000, 
set flow id 493: 493->494 10000000, 
set flow id 167: 167->168 10000000, 
set flow id 1002: 1002->1003 10000000, 
set flow id 459: 459->460 10000000, 
set flow id 969: 969->970 10000000, 
set flow id 230: 230->231 10000000, 
set flow id 269: 269->270 10000000, 
set flow id 645: 645->646 10000000, 
set flow id 904: 904->905 10000000, 
set flow id 878: 878->879 10000000, 
set flow id 939: 939->940 10000000, 
set flow id 427: 427->428 10000000, 
set flow id 494: 494->495 10000000, 
set flow id 302: 302->303 10000000, 
set flow id 104: 104->105 10000000, 
set flow id 333: 333->334 10000000, 
set flow id 840: 840->841 10000000, 
set flow id 905: 905->906 10000000, 
set flow id 460: 460->461 10000000, 
set flow id 137: 137->138 10000000, 
set flow id 394: 394->395 10000000, 
set flow id 70: 70->71 10000000, 
set flow id 360: 360->361 10000000, 
set flow id 805: 805->806 10000000, 
set flow id 6: 6->7 10000000, 
set flow id 609: 609->610 10000000, 
set flow id 41: 41->42 10000000, 
set flow id 777: 777->778 10000000, 
set flow id 231: 231->232 10000000, 
set flow id 461: 461->462 10000000, 
set flow id 841: 841->842 10000000, 
set flow id 303: 303->304 10000000, 
set flow id 879: 879->880 10000000, 
set flow id 198: 198->199 10000000, 
set flow id 517: 517->518 10000000, 
set flow id 270: 270->271 10000000, 
set flow id 428: 428->429 10000000, 
set flow id 334: 334->335 10000000, 
set flow id 806: 806->807 10000000, 
set flow id 708: 708->709 10000000, 
set flow id 970: 970->971 10000000, 
set flow id 7: 7->8 10000000, 
set flow id 778: 778->779 10000000, 
set flow id 105: 105->106 10000000, 
set flow id 138: 138->139 10000000, 
set flow id 610: 610->611 10000000, 
set flow id 495: 495->496 10000000, 
set flow id 395: 395->396 10000000, 
set flow id 1003: 1003->1004 10000000, 
set flow id 271: 271->272 10000000, 
set flow id 880: 880->881 10000000, 
set flow id 462: 462->463 10000000, 
set flow id 168: 168->169 10000000, 
set flow id 807: 807->808 10000000, 
set flow id 199: 199->200 10000000, 
set flow id 646: 646->647 10000000, 
set flow id 842: 842->843 10000000, 
set flow id 496: 496->497 10000000, 
set flow id 906: 906->907 10000000, 
set flow id 232: 232->233 10000000, 
set flow id 881: 881->882 10000000, 
set flow id 463: 463->464 10000000, 
set flow id 106: 106->107 10000000, 
set flow id 71: 71->72 10000000, 
set flow id 361: 361->362 10000000, 
set flow id 139: 139->140 10000000, 
set flow id 497: 497->498 10000000, 
set flow id 940: 940->941 10000000, 
set flow id 304: 304->305 10000000, 
set flow id 676: 676->677 10000000, 
set flow id 1004: 1004->1005 10000000, 
set flow id 335: 335->336 10000000, 
set flow id 971: 971->972 10000000, 
set flow id 396: 396->397 10000000, 
set flow id 611: 611->612 10000000, 
set flow id 882: 882->883 10000000, 
set flow id 779: 779->780 10000000, 
set flow id 140: 140->141 10000000, 
set flow id 169: 169->170 10000000, 
set flow id 808: 808->809 10000000, 
set flow id 272: 272->273 10000000, 
set flow id 362: 362->363 10000000, 
set flow id 972: 972->973 10000000, 
set flow id 72: 72->73 10000000, 
set flow id 498: 498->499 10000000, 
set flow id 464: 464->465 10000000, 
set flow id 677: 677->678 10000000, 
set flow id 107: 107->108 10000000, 
set flow id 780: 780->781 10000000, 
set flow id 170: 170->171 10000000, 
set flow id 336: 336->337 10000000, 
set flow id 141: 141->142 10000000, 
set flow id 305: 305->306 10000000, 
set flow id 973: 973->974 10000000, 
set flow id 809: 809->810 10000000, 
set flow id 397: 397->398 10000000, 
set flow id 582: 582->583 10000000, 
set flow id 941: 941->942 10000000, 
set flow id 907: 907->908 10000000, 
set flow id 273: 273->274 10000000, 
set flow id 843: 843->844 10000000, 
set flow id 781: 781->782 10000000, 
set flow id 73: 73->74 10000000, 
set flow id 465: 465->466 10000000, 
set flow id 1005: 1005->1006 10000000, 
set flow id 363: 363->364 10000000, 
set flow id 42: 42->43 10000000, 
set flow id 612: 612->613 10000000, 
set flow id 883: 883->884 10000000, 
set flow id 499: 499->500 10000000, 
set flow id 678: 678->679 10000000, 
set flow id 337: 337->338 10000000, 
set flow id 8: 8->9 10000000, 
set flow id 782: 782->783 10000000, 
set flow id 306: 306->307 10000000, 
set flow id 274: 274->275 10000000, 
set flow id 974: 974->975 10000000, 
set flow id 1006: 1006->1007 10000000, 
set flow id 108: 108->109 10000000, 
set flow id 142: 142->143 10000000, 
set flow id 518: 518->519 10000000, 
set flow id 884: 884->885 10000000, 
set flow id 338: 338->339 10000000, 
set flow id 200: 200->201 10000000, 
set flow id 307: 307->308 10000000, 
set flow id 233: 233->234 10000000, 
set flow id 275: 275->276 10000000, 
set flow id 844: 844->845 10000000, 
set flow id 9: 9->10 10000000, 
set flow id 975: 975->976 10000000, 
set flow id 74: 74->75 10000000, 
set flow id 500: 500->501 10000000, 
set flow id 908: 908->909 10000000, 
set flow id 647: 647->648 10000000, 
set flow id 339: 339->340 10000000, 
set flow id 234: 234->235 10000000, 
set flow id 613: 613->614 10000000, 
set flow id 429: 429->430 10000000, 
set flow id 1007: 1007->1008 10000000, 
set flow id 519: 519->520 10000000, 
set flow id 10: 10->11 10000000, 
set flow id 501: 501->502 10000000, 
set flow id 845: 845->846 10000000, 
set flow id 276: 276->277 10000000, 
set flow id 171: 171->172 10000000, 
set flow id 340: 340->341 10000000, 
set flow id 742: 742->743 10000000, 
set flow id 235: 235->236 10000000, 
set flow id 909: 909->910 10000000, 
set flow id 1008: 1008->1009 10000000, 
set flow id 11: 11->12 10000000, 
set flow id 364: 364->365 10000000, 
set flow id 201: 201->202 10000000, 
set flow id 942: 942->943 10000000, 
set flow id 43: 43->44 10000000, 
set flow id 398: 398->399 10000000, 
set flow id 466: 466->467 10000000, 
set flow id 143: 143->144 10000000, 
set flow id 648: 648->649 10000000, 
set flow id 277: 277->278 10000000, 
set flow id 341: 341->342 10000000, 
set flow id 109: 109->110 10000000, 
set flow id 1009: 1009->1010 10000000, 
set flow id 679: 679->680 10000000, 
set flow id 308: 308->309 10000000, 
set flow id 709: 709->710 10000000, 
set flow id 783: 783->784 10000000, 
set flow id 976: 976->977 10000000, 
set flow id 520: 520->521 10000000, 
set flow id 144: 144->145 10000000, 
set flow id 399: 399->400 10000000, 
set flow id 583: 583->584 10000000, 
set flow id 467: 467->468 10000000, 
set flow id 110: 110->111 10000000, 
set flow id 309: 309->310 10000000, 
set flow id 547: 547->548 10000000, 
set flow id 365: 365->366 10000000, 
set flow id 784: 784->785 10000000, 
set flow id 1010: 1010->1011 10000000, 
set flow id 12: 12->13 10000000, 
set flow id 172: 172->173 10000000, 
set flow id 943: 943->944 10000000, 
set flow id 342: 342->343 10000000, 
set flow id 111: 111->112 10000000, 
set flow id 430: 430->431 10000000, 
set flow id 75: 75->76 10000000, 
set flow id 977: 977->978 10000000, 
set flow id 649: 649->650 10000000, 
set flow id 278: 278->279 10000000, 
set flow id 44: 44->45 10000000, 
set flow id 910: 910->911 10000000, 
set flow id 310: 310->311 10000000, 
set flow id 846: 846->847 10000000, 
set flow id 885: 885->886 10000000, 
set flow id 366: 366->367 10000000, 
set flow id 810: 810->811 10000000, 
set flow id 13: 13->14 10000000, 
set flow id 785: 785->786 10000000, 
set flow id 431: 431->432 10000000, 
set flow id 978: 978->979 10000000, 
set flow id 911: 911->912 10000000, 
set flow id 1011: 1011->1012 10000000, 
set flow id 45: 45->46 10000000, 
set flow id 502: 502->503 10000000, 
set flow id 400: 400->401 10000000, 
set flow id 202: 202->203 10000000, 
set flow id 847: 847->848 10000000, 
set flow id 343: 343->344 10000000, 
set flow id 311: 311->312 10000000, 
set flow id 743: 743->744 10000000, 
set flow id 367: 367->368 10000000, 
set flow id 432: 432->433 10000000, 
set flow id 468: 468->469 10000000, 
set flow id 886: 886->887 10000000, 
set flow id 912: 912->913 10000000, 
set flow id 46: 46->47 10000000, 
set flow id 979: 979->980 10000000, 
set flow id 1012: 1012->1013 10000000, 
set flow id 344: 344->345 10000000, 
set flow id 173: 173->174 10000000, 
set flow id 368: 368->369 10000000, 
set flow id 76: 76->77 10000000, 
set flow id 236: 236->237 10000000, 
set flow id 203: 203->204 10000000, 
set flow id 469: 469->470 10000000, 
set flow id 848: 848->849 10000000, 
set flow id 913: 913->914 10000000, 
set flow id 680: 680->681 10000000, 
set flow id 503: 503->504 10000000, 
set flow id 786: 786->787 10000000, 
set flow id 145: 145->146 10000000, 
set flow id 887: 887->888 10000000, 
set flow id 112: 112->113 10000000, 
set flow id 14: 14->15 10000000, 
set flow id 369: 369->370 10000000, 
set flow id 744: 744->745 10000000, 
set flow id 811: 811->812 10000000, 
set flow id 849: 849->850 10000000, 
set flow id 548: 548->549 10000000, 
set flow id 401: 401->402 10000000, 
set flow id 77: 77->78 10000000, 
set flow id 312: 312->313 10000000, 
set flow id 470: 470->471 10000000, 
set flow id 174: 174->175 10000000, 
set flow id 433: 433->434 10000000, 
set flow id 521: 521->522 10000000, 
set flow id 914: 914->915 10000000, 
set flow id 944: 944->945 10000000, 
set flow id 237: 237->238 10000000, 
set flow id 850: 850->851 10000000, 
set flow id 279: 279->280 10000000, 
set flow id 504: 504->505 10000000, 
set flow id 345: 345->346 10000000, 
set flow id 47: 47->48 10000000, 
set flow id 78: 78->79 10000000, 
set flow id 888: 888->889 10000000, 
set flow id 1013: 1013->1014 10000000, 
set flow id 313: 313->314 10000000, 
set flow id 787: 787->788 10000000, 
set flow id 15: 15->16 10000000, 
set flow id 945: 945->946 10000000, 
set flow id 915: 915->916 10000000, 
set flow id 434: 434->435 10000000, 
set flow id 710: 710->711 10000000, 
set flow id 745: 745->746 10000000, 
set flow id 889: 889->890 10000000, 
set flow id 505: 505->506 10000000, 
set flow id 113: 113->114 10000000, 
set flow id 812: 812->813 10000000, 
set flow id 1014: 1014->1015 10000000, 
set flow id 280: 280->281 10000000, 
set flow id 788: 788->789 10000000, 
set flow id 346: 346->347 10000000, 
set flow id 980: 980->981 10000000, 
set flow id 435: 435->436 10000000, 
set flow id 175: 175->176 10000000, 
set flow id 946: 946->947 10000000, 
set flow id 916: 916->917 10000000, 
set flow id 114: 114->115 10000000, 
set flow id 204: 204->205 10000000, 
set flow id 370: 370->371 10000000, 
set flow id 522: 522->523 10000000, 
set flow id 1015: 1015->1016 10000000, 
set flow id 281: 281->282 10000000, 
set flow id 314: 314->315 10000000, 
set flow id 146: 146->147 10000000, 
set flow id 506: 506->507 10000000, 
set flow id 16: 16->17 10000000, 
set flow id 851: 851->852 10000000, 
set flow id 402: 402->403 10000000, 
set flow id 48: 48->49 10000000, 
set flow id 947: 947->948 10000000, 
set flow id 1016: 1016->1017 10000000, 
set flow id 79: 79->80 10000000, 
set flow id 981: 981->982 10000000, 
set flow id 711: 711->712 10000000, 
set flow id 347: 347->348 10000000, 
set flow id 890: 890->891 10000000, 
set flow id 238: 238->239 10000000, 
set flow id 115: 115->116 10000000, 
set flow id 17: 17->18 10000000, 
set flow id 948: 948->949 10000000, 
set flow id 371: 371->372 10000000, 
set flow id 205: 205->206 10000000, 
set flow id 49: 49->50 10000000, 
set flow id 282: 282->283 10000000, 
set flow id 852: 852->853 10000000, 
set flow id 176: 176->177 10000000, 
set flow id 1017: 1017->1018 10000000, 
set flow id 813: 813->814 10000000, 
set flow id 147: 147->148 10000000, 
set flow id 315: 315->316 10000000, 
set flow id 891: 891->892 10000000, 
set flow id 507: 507->508 10000000, 
set flow id 982: 982->983 10000000, 
set flow id 239: 239->240 10000000, 
set flow id 80: 80->81 10000000, 
set flow id 523: 523->524 10000000, 
set flow id 372: 372->373 10000000, 
set flow id 471: 471->472 10000000, 
set flow id 316: 316->317 10000000, 
set flow id 853: 853->854 10000000, 
set flow id 283: 283->284 10000000, 
set flow id 650: 650->651 10000000, 
set flow id 789: 789->790 10000000, 
set flow id 116: 116->117 10000000, 
set flow id 1018: 1018->1019 10000000, 
set flow id 348: 348->349 10000000, 
set flow id 949: 949->950 10000000, 
set flow id 50: 50->51 10000000, 
set flow id 917: 917->918 10000000, 
set flow id 373: 373->374 10000000, 
set flow id 436: 436->437 10000000, 
set flow id 508: 508->509 10000000, 
set flow id 18: 18->19 10000000, 
set flow id 746: 746->747 10000000, 
set flow id 240: 240->241 10000000, 
set flow id 1019: 1019->1020 10000000, 
set flow id 950: 950->951 10000000, 
set flow id 651: 651->652 10000000, 
set flow id 284: 284->285 10000000, 
set flow id 681: 681->682 10000000, 
set flow id 712: 712->713 10000000, 
set flow id 549: 549->550 10000000, 
set flow id 854: 854->855 10000000, 
set flow id 790: 790->791 10000000, 
set flow id 403: 403->404 10000000, 
set flow id 814: 814->815 10000000, 
set flow id 509: 509->510 10000000, 
set flow id 1020: 1020->1021 10000000, 
set flow id 472: 472->473 10000000, 
set flow id 81: 81->82 10000000, 
set flow id 437: 437->438 10000000, 
set flow id 892: 892->893 10000000, 
set flow id 855: 855->856 10000000, 
set flow id 791: 791->792 10000000, 
set flow id 285: 285->286 10000000, 
set flow id 951: 951->952 10000000, 
set flow id 349: 349->350 10000000, 
set flow id 51: 51->52 10000000, 
set flow id 404: 404->405 10000000, 
set flow id 747: 747->748 10000000, 
set flow id 815: 815->816 10000000, 
set flow id 550: 550->551 10000000, 
set flow id 206: 206->207 10000000, 
set flow id 148: 148->149 10000000, 
set flow id 317: 317->318 10000000, 
set flow id 374: 374->375 10000000, 
set flow id 1021: 1021->1022 10000000, 
set flow id 713: 713->714 10000000, 
set flow id 856: 856->857 10000000, 
set flow id 19: 19->20 10000000, 
set flow id 405: 405->406 10000000, 
set flow id 952: 952->953 10000000, 
set flow id 652: 652->653 10000000, 
set flow id 318: 318->319 10000000, 
set flow id 510: 510->511 10000000, 
set flow id 207: 207->208 10000000, 
set flow id 241: 241->242 10000000, 
set flow id 117: 117->118 10000000, 
set flow id 82: 82->83 10000000, 
set flow id 816: 816->817 10000000, 
set flow id 748: 748->749 10000000, 
set flow id 52: 52->53 10000000, 
set flow id 350: 350->351 10000000, 
set flow id 551: 551->552 10000000, 
set flow id 286: 286->287 10000000, 
set flow id 857: 857->858 10000000, 
set flow id 473: 473->474 10000000, 
set flow id 893: 893->894 10000000, 
set flow id 375: 375->376 10000000, 
set flow id 83: 83->84 10000000, 
set flow id 1022: 1022->1023 10000000, 
set flow id 511: 511->512 10000000, 
set flow id 149: 149->150 10000000, 
set flow id 53: 53->54 10000000, 
set flow id 817: 817->818 10000000, 
set flow id 918: 918->919 10000000, 
set flow id 208: 208->209 10000000, 
set flow id 858: 858->859 10000000, 
set flow id 20: 20->21 10000000, 
set flow id 474: 474->475 10000000, 
set flow id 953: 953->954 10000000, 
set flow id 177: 177->178 10000000, 
set flow id 894: 894->895 10000000, 
set flow id 653: 653->654 10000000, 
set flow id 376: 376->377 10000000, 
set flow id 150: 150->151 10000000, 
set flow id 438: 438->439 10000000, 
set flow id 714: 714->715 10000000, 
set flow id 859: 859->860 10000000, 
set flow id 209: 209->210 10000000, 
set flow id 919: 919->920 10000000, 
set flow id 287: 287->288 10000000, 
set flow id 21: 21->22 10000000, 
set flow id 406: 406->407 10000000, 
set flow id 614: 614->615 10000000, 
set flow id 983: 983->984 10000000, 
set flow id 351: 351->352 10000000, 
set flow id 210: 210->211 10000000, 
set flow id 1023: 1023->0 10000000, 
set flow id 118: 118->119 10000000, 
set flow id 377: 377->378 10000000, 
set flow id 524: 524->525 10000000, 
set flow id 792: 792->793 10000000, 
set flow id 439: 439->440 10000000, 
set flow id 178: 178->179 10000000, 
set flow id 475: 475->476 10000000, 
set flow id 920: 920->921 10000000, 
set flow id 860: 860->861 10000000, 
set flow id 84: 84->85 10000000, 
set flow id 151: 151->152 10000000, 
set flow id 749: 749->750 10000000, 
set flow id 54: 54->55 10000000, 
set flow id 818: 818->819 10000000, 
set flow id 682: 682->683 10000000, 
set flow id 793: 793->794 10000000, 
set flow id 378: 378->379 10000000, 
set flow id 476: 476->477 10000000, 
set flow id 211: 211->212 10000000, 
set flow id 242: 242->243 10000000, 
set flow id 22: 22->23 10000000, 
set flow id 984: 984->985 10000000, 
set flow id 954: 954->955 10000000, 
set flow id 895: 895->896 10000000, 
set flow id 55: 55->56 10000000, 
set flow id 152: 152->153 10000000, 
set flow id 794: 794->795 10000000, 
set flow id 319: 319->320 10000000, 
set flow id 861: 861->862 10000000, 
set flow id 407: 407->408 10000000, 
set flow id 119: 119->120 10000000, 
set flow id 552: 552->553 10000000, 
set flow id 212: 212->213 10000000, 
set flow id 440: 440->441 10000000, 
set flow id 379: 379->380 10000000, 
set flow id 85: 85->86 10000000, 
set flow id 819: 819->820 10000000, 
set flow id 795: 795->796 10000000, 
set flow id 23: 23->24 10000000, 
set flow id 862: 862->863 10000000, 
set flow id 683: 683->684 10000000, 
set flow id 441: 441->442 10000000, 
set flow id 750: 750->751 10000000, 
set flow id 584: 584->585 10000000, 
set flow id 153: 153->154 10000000, 
set flow id 654: 654->655 10000000, 
set flow id 955: 955->956 10000000, 
set flow id 179: 179->180 10000000, 
set flow id 985: 985->986 10000000, 
set flow id 715: 715->716 10000000, 
set flow id 921: 921->922 10000000, 
set flow id 243: 243->244 10000000, 
set flow id 796: 796->797 10000000, 
set flow id 553: 553->554 10000000, 
set flow id 408: 408->409 10000000, 
set flow id 213: 213->214 10000000, 
set flow id 986: 986->987 10000000, 
set flow id 180: 180->181 10000000, 
set flow id 154: 154->155 10000000, 
set flow id 956: 956->957 10000000, 
set flow id 380: 380->381 10000000, 
set flow id 24: 24->25 10000000, 
set flow id 477: 477->478 10000000, 
set flow id 922: 922->923 10000000, 
set flow id 820: 820->821 10000000, 
set flow id 797: 797->798 10000000, 
set flow id 585: 585->586 10000000, 
set flow id 863: 863->864 10000000, 
set flow id 987: 987->988 10000000, 
set flow id 409: 409->410 10000000, 
set flow id 181: 181->182 10000000, 
set flow id 25: 25->26 10000000, 
set flow id 655: 655->656 10000000, 
set flow id 214: 214->215 10000000, 
set flow id 957: 957->958 10000000, 
set flow id 442: 442->443 10000000, 
set flow id 716: 716->717 10000000, 
set flow id 120: 120->121 10000000, 
set flow id 56: 56->57 10000000, 
set flow id 86: 86->87 10000000, 
set flow id 182: 182->183 10000000, 
set flow id 798: 798->799 10000000, 
set flow id 821: 821->822 10000000, 
set flow id 381: 381->382 10000000, 
set flow id 684: 684->685 10000000, 
set flow id 410: 410->411 10000000, 
set flow id 988: 988->989 10000000, 
set flow id 615: 615->616 10000000, 
set flow id 244: 244->245 10000000, 
set flow id 443: 443->444 10000000, 
set flow id 26: 26->27 10000000, 
set flow id 87: 87->88 10000000, 
set flow id 958: 958->959 10000000, 
set flow id 478: 478->479 10000000, 
set flow id 183: 183->184 10000000, 
set flow id 799: 799->800 10000000, 
set flow id 525: 525->526 10000000, 
set flow id 822: 822->823 10000000, 
set flow id 685: 685->686 10000000, 
set flow id 121: 121->122 10000000, 
set flow id 989: 989->990 10000000, 
set flow id 155: 155->156 10000000, 
set flow id 717: 717->718 10000000, 
set flow id 382: 382->383 10000000, 
set flow id 479: 479->480 10000000, 
set flow id 27: 27->28 10000000, 
set flow id 616: 616->617 10000000, 
set flow id 823: 823->824 10000000, 
set flow id 411: 411->412 10000000, 
set flow id 184: 184->185 10000000, 
set flow id 686: 686->687 10000000, 
set flow id 586: 586->587 10000000, 
set flow id 57: 57->58 10000000, 
set flow id 444: 444->445 10000000, 
set flow id 245: 245->246 10000000, 
set flow id 156: 156->157 10000000, 
set flow id 990: 990->991 10000000, 
set flow id 185: 185->186 10000000, 
set flow id 959: 959->960 10000000, 
set flow id 215: 215->216 10000000, 
set flow id 554: 554->555 10000000, 
set flow id 923: 923->924 10000000, 
set flow id 617: 617->618 10000000, 
set flow id 28: 28->29 10000000, 
set flow id 122: 122->123 10000000, 
set flow id 824: 824->825 10000000, 
set flow id 383: 383->384 10000000, 
set flow id 718: 718->719 10000000, 
set flow id 587: 587->588 10000000, 
set flow id 526: 526->527 10000000, 
set flow id 412: 412->413 10000000, 
set flow id 29: 29->30 10000000, 
set flow id 751: 751->752 10000000, 
set flow id 216: 216->217 10000000, 
set flow id 123: 123->124 10000000, 
set flow id 924: 924->925 10000000, 
set flow id 687: 687->688 10000000, 
set flow id 88: 88->89 10000000, 
set flow id 991: 991->992 10000000, 
set flow id 445: 445->446 10000000, 
set flow id 157: 157->158 10000000, 
set flow id 719: 719->720 10000000, 
set flow id 58: 58->59 10000000, 
set flow id 825: 825->826 10000000, 
set flow id 413: 413->414 10000000, 
set flow id 186: 186->187 10000000, 
set flow id 752: 752->753 10000000, 
set flow id 688: 688->689 10000000, 
set flow id 30: 30->31 10000000, 
set flow id 246: 246->247 10000000, 
set flow id 89: 89->90 10000000, 
set flow id 446: 446->447 10000000, 
set flow id 217: 217->218 10000000, 
set flow id 826: 826->827 10000000, 
set flow id 59: 59->60 10000000, 
set flow id 158: 158->159 10000000, 
set flow id 588: 588->589 10000000, 
set flow id 414: 414->415 10000000, 
set flow id 618: 618->619 10000000, 
set flow id 124: 124->125 10000000, 
set flow id 753: 753->754 10000000, 
set flow id 247: 247->248 10000000, 
set flow id 555: 555->556 10000000, 
set flow id 31: 31->32 10000000, 
set flow id 656: 656->657 10000000, 
set flow id 415: 415->416 10000000, 
set flow id 60: 60->61 10000000, 
set flow id 527: 527->528 10000000, 
set flow id 827: 827->828 10000000, 
set flow id 619: 619->620 10000000, 
set flow id 689: 689->690 10000000, 
set flow id 159: 159->160 10000000, 
set flow id 589: 589->590 10000000, 
set flow id 218: 218->219 10000000, 
set flow id 125: 125->126 10000000, 
set flow id 447: 447->448 10000000, 
set flow id 187: 187->188 10000000, 
set flow id 720: 720->721 10000000, 
set flow id 828: 828->829 10000000, 
set flow id 620: 620->621 10000000, 
set flow id 925: 925->926 10000000, 
set flow id 61: 61->62 10000000, 
set flow id 528: 528->529 10000000, 
set flow id 590: 590->591 10000000, 
set flow id 219: 219->220 10000000, 
set flow id 556: 556->557 10000000, 
set flow id 657: 657->658 10000000, 
set flow id 754: 754->755 10000000, 
set flow id 90: 90->91 10000000, 
set flow id 188: 188->189 10000000, 
set flow id 721: 721->722 10000000, 
set flow id 248: 248->249 10000000, 
set flow id 690: 690->691 10000000, 
set flow id 926: 926->927 10000000, 
set flow id 529: 529->530 10000000, 
set flow id 829: 829->830 10000000, 
set flow id 62: 62->63 10000000, 
set flow id 126: 126->127 10000000, 
set flow id 621: 621->622 10000000, 
set flow id 91: 91->92 10000000, 
set flow id 189: 189->190 10000000, 
set flow id 722: 722->723 10000000, 
set flow id 249: 249->250 10000000, 
set flow id 220: 220->221 10000000, 
set flow id 691: 691->692 10000000, 
set flow id 530: 530->531 10000000, 
set flow id 830: 830->831 10000000, 
set flow id 63: 63->64 10000000, 
set flow id 591: 591->592 10000000, 
set flow id 755: 755->756 10000000, 
set flow id 658: 658->659 10000000, 
set flow id 622: 622->623 10000000, 
set flow id 927: 927->928 10000000, 
set flow id 190: 190->191 10000000, 
set flow id 692: 692->693 10000000, 
set flow id 831: 831->832 10000000, 
set flow id 127: 127->128 10000000, 
set flow id 723: 723->724 10000000, 
set flow id 531: 531->532 10000000, 
set flow id 92: 92->93 10000000, 
set flow id 221: 221->222 10000000, 
set flow id 557: 557->558 10000000, 
set flow id 250: 250->251 10000000, 
set flow id 623: 623->624 10000000, 
set flow id 592: 592->593 10000000, 
set flow id 191: 191->192 10000000, 
set flow id 693: 693->694 10000000, 
set flow id 756: 756->757 10000000, 
set flow id 659: 659->660 10000000, 
set flow id 724: 724->725 10000000, 
set flow id 532: 532->533 10000000, 
set flow id 93: 93->94 10000000, 
set flow id 222: 222->223 10000000, 
set flow id 251: 251->252 10000000, 
set flow id 558: 558->559 10000000, 
set flow id 694: 694->695 10000000, 
set flow id 757: 757->758 10000000, 
set flow id 660: 660->661 10000000, 
set flow id 593: 593->594 10000000, 
set flow id 725: 725->726 10000000, 
set flow id 624: 624->625 10000000, 
set flow id 223: 223->224 10000000, 
set flow id 533: 533->534 10000000, 
set flow id 252: 252->253 10000000, 
set flow id 695: 695->696 10000000, 
set flow id 94: 94->95 10000000, 
set flow id 758: 758->759 10000000, 
set flow id 661: 661->662 10000000, 
set flow id 559: 559->560 10000000, 
set flow id 594: 594->595 10000000, 
set flow id 625: 625->626 10000000, 
set flow id 726: 726->727 10000000, 
set flow id 534: 534->535 10000000, 
set flow id 696: 696->697 10000000, 
set flow id 253: 253->254 10000000, 
set flow id 759: 759->760 10000000, 
set flow id 95: 95->96 10000000, 
set flow id 662: 662->663 10000000, 
set flow id 560: 560->561 10000000, 
set flow id 595: 595->596 10000000, 
set flow id 626: 626->627 10000000, 
set flow id 535: 535->536 10000000, 
set flow id 727: 727->728 10000000, 
set flow id 697: 697->698 10000000, 
set flow id 760: 760->761 10000000, 
set flow id 254: 254->255 10000000, 
set flow id 663: 663->664 10000000, 
set flow id 596: 596->597 10000000, 
set flow id 561: 561->562 10000000, 
set flow id 627: 627->628 10000000, 
set flow id 536: 536->537 10000000, 
set flow id 728: 728->729 10000000, 
set flow id 698: 698->699 10000000, 
set flow id 761: 761->762 10000000, 
set flow id 255: 255->256 10000000, 
set flow id 664: 664->665 10000000, 
set flow id 597: 597->598 10000000, 
set flow id 628: 628->629 10000000, 
set flow id 562: 562->563 10000000, 
set flow id 537: 537->538 10000000, 
set flow id 729: 729->730 10000000, 
set flow id 699: 699->700 10000000, 
set flow id 762: 762->763 10000000, 
set flow id 665: 665->666 10000000, 
set flow id 629: 629->630 10000000, 
set flow id 598: 598->599 10000000, 
set flow id 563: 563->564 10000000, 
set flow id 538: 538->539 10000000, 
set flow id 730: 730->731 10000000, 
set flow id 700: 700->701 10000000, 
set flow id 763: 763->764 10000000, 
set flow id 666: 666->667 10000000, 
set flow id 630: 630->631 10000000, 
set flow id 599: 599->600 10000000, 
set flow id 564: 564->565 10000000, 
set flow id 539: 539->540 10000000, 
set flow id 731: 731->732 10000000, 
set flow id 701: 701->702 10000000, 
set flow id 764: 764->765 10000000, 
set flow id 667: 667->668 10000000, 
set flow id 631: 631->632 10000000, 
set flow id 600: 600->601 10000000, 
set flow id 565: 565->566 10000000, 
set flow id 540: 540->541 10000000, 
set flow id 732: 732->733 10000000, 
set flow id 702: 702->703 10000000, 
set flow id 765: 765->766 10000000, 
set flow id 668: 668->669 10000000, 
set flow id 632: 632->633 10000000, 
set flow id 601: 601->602 10000000, 
set flow id 566: 566->567 10000000, 
set flow id 541: 541->542 10000000, 
set flow id 733: 733->734 10000000, 
set flow id 703: 703->704 10000000, 
set flow id 766: 766->767 10000000, 
set flow id 633: 633->634 10000000, 
set flow id 669: 669->670 10000000, 
set flow id 602: 602->603 10000000, 
set flow id 567: 567->568 10000000, 
set flow id 542: 542->543 10000000, 
set flow id 734: 734->735 10000000, 
set flow id 767: 767->768 10000000, 
set flow id 634: 634->635 10000000, 
set flow id 670: 670->671 10000000, 
set flow id 603: 603->604 10000000, 
set flow id 568: 568->569 10000000, 
set flow id 543: 543->544 10000000, 
set flow id 735: 735->736 10000000, 
set flow id 635: 635->636 10000000, 
set flow id 671: 671->672 10000000, 
set flow id 604: 604->605 10000000, 
set flow id 569: 569->570 10000000, 
set flow id 636: 636->637 10000000, 
set flow id 605: 605->606 10000000, 
set flow id 570: 570->571 10000000, 
set flow id 637: 637->638 10000000, 
set flow id 606: 606->607 10000000, 
set flow id 571: 571->572 10000000, 
set flow id 638: 638->639 10000000, 
set flow id 607: 607->608 10000000, 
set flow id 572: 572->573 10000000, 
set flow id 639: 639->640 10000000, 
set flow id 573: 573->574 10000000, 
set flow id 574: 574->575 10000000, 
set flow id 575: 575->576 10000000, 
Entering setup_flow for NET_NPU_ID: 0
Entering create_flow for src: 32
Entering create_flow for src: 33
Entering create_flow for src: 34
Entering create_flow for src: 35
Entering create_flow for src: 36
Entering create_flow for src: 37
Entering create_flow for src: 38
Entering create_flow for src: 39
Entering create_flow for src: 40
Entering create_flow for src: 41
Entering create_flow for src: 42
Entering create_flow for src: 43
Entering create_flow for src: 44
Entering create_flow for src: 45
Entering create_flow for src: 46
Entering create_flow for src: 47
Entering create_flow for src: 48
Entering create_flow for src: 49
Entering create_flow for src: 50
Entering create_flow for src: 51
Entering create_flow for src: 52
Entering create_flow for src: 53
Entering create_flow for src: 54
Entering create_flow for src: 55
Entering create_flow for src: 56
Entering create_flow for src: 57
Entering create_flow for src: 58
Entering create_flow for src: 59
Entering create_flow for src: 60
Entering create_flow for src: 61
Entering create_flow for src: 62
Entering create_flow for src: 63
Entering create_flow for src: 64
Entering create_flow for src: 65
Entering create_flow for src: 66
Entering create_flow for src: 67
Entering create_flow for src: 68
Entering create_flow for src: 69
Entering create_flow for src: 70
Entering create_flow for src: 71
Entering create_flow for src: 72
Entering create_flow for src: 73
Entering create_flow for src: 74
Entering create_flow for src: 75
Entering create_flow for src: 76
Entering create_flow for src: 77
Entering create_flow for src: 78
Entering create_flow for src: 79
Entering create_flow for src: 80
Entering create_flow for src: 81
Entering create_flow for src: 82
Entering create_flow for src: 83
Entering create_flow for src: 84
Entering create_flow for src: 85
Entering create_flow for src: 86
Entering create_flow for src: 87
Entering create_flow for src: 88
Entering create_flow for src: 89
Entering create_flow for src: 90
Entering create_flow for src: 91
Entering create_flow for src: 92
Entering create_flow for src: 93
Entering create_flow for src: 94
Entering create_flow for src: 95
Entering create_flow for src: 192
Entering create_flow for src: 193
Entering create_flow for src: 194
Entering create_flow for src: 195
Entering create_flow for src: 196
Entering create_flow for src: 197
Entering create_flow for src: 198
Entering create_flow for src: 199
Entering create_flow for src: 200
Entering create_flow for src: 201
Entering create_flow for src: 202
Entering create_flow for src: 203
Entering create_flow for src: 204
Entering create_flow for src: 205
Entering create_flow for src: 206
Entering create_flow for src: 207
Entering create_flow for src: 208
Entering create_flow for src: 209
Entering create_flow for src: 210
Entering create_flow for src: 211
Entering create_flow for src: 212
Entering create_flow for src: 213
Entering create_flow for src: 214
Entering create_flow for src: 215
Entering create_flow for src: 216
Entering create_flow for src: 217
Entering create_flow for src: 218
Entering create_flow for src: 219
Entering create_flow for src: 220
Entering create_flow for src: 221
Entering create_flow for src: 222
Entering create_flow for src: 223
Entering create_flow for src: 96
Entering create_flow for src: 97
Entering create_flow for src: 98
Entering create_flow for src: 99
Entering create_flow for src: 100
Entering create_flow for src: 101
Entering create_flow for src: 102
Entering create_flow for src: 103
Entering create_flow for src: 104
Entering create_flow for src: 105
Entering create_flow for src: 106
Entering create_flow for src: 107
Entering create_flow for src: 108
Entering create_flow for src: 109
Entering create_flow for src: 110
Entering create_flow for src: 111
Entering create_flow for src: 112
Entering create_flow for src: 113
Entering create_flow for src: 114
Entering create_flow for src: 115
Entering create_flow for src: 116
Entering create_flow for src: 117
Entering create_flow for src: 118
Entering create_flow for src: 119
Entering create_flow for src: 120
Entering create_flow for src: 121
Entering create_flow for src: 122
Entering create_flow for src: 123
Entering create_flow for src: 124
Entering create_flow for src: 125
Entering create_flow for src: 126
Entering create_flow for src: 127
Entering create_flow for src: 160
Entering create_flow for src: 161
Entering create_flow for src: 162
Entering create_flow for src: 163
Entering create_flow for src: 164
Entering create_flow for src: 165
Entering create_flow for src: 166
Entering create_flow for src: 167
Entering create_flow for src: 168
Entering create_flow for src: 169
Entering create_flow for src: 170
Entering create_flow for src: 171
Entering create_flow for src: 172
Entering create_flow for src: 173
Entering create_flow for src: 174
Entering create_flow for src: 175
Entering create_flow for src: 176
Entering create_flow for src: 177
Entering create_flow for src: 178
Entering create_flow for src: 179
Entering create_flow for src: 180
Entering create_flow for src: 181
Entering create_flow for src: 182
Entering create_flow for src: 183
Entering create_flow for src: 184
Entering create_flow for src: 185
Entering create_flow for src: 186
Entering create_flow for src: 187
Entering create_flow for src: 188
Entering create_flow for src: 189
Entering create_flow for src: 190
Entering create_flow for src: 191
Entering create_flow for src: 224
Entering create_flow for src: 225
Entering create_flow for src: 226
Entering create_flow for src: 227
Entering create_flow for src: 228
Entering create_flow for src: 229
Entering create_flow for src: 230
Entering create_flow for src: 231
Entering create_flow for src: 232
Entering create_flow for src: 233
Entering create_flow for src: 234
Entering create_flow for src: 235
Entering create_flow for src: 236
Entering create_flow for src: 237
Entering create_flow for src: 238
Entering create_flow for src: 239
Entering create_flow for src: 240
Entering create_flow for src: 241
Entering create_flow for src: 242
Entering create_flow for src: 243
Entering create_flow for src: 244
Entering create_flow for src: 245
Entering create_flow for src: 246
Entering create_flow for src: 247
Entering create_flow for src: 248
Entering create_flow for src: 249
Entering create_flow for src: 250
Entering create_flow for src: 251
Entering create_flow for src: 252
Entering create_flow for src: 253
Entering create_flow for src: 254
Entering create_flow for src: 255
Entering create_flow for src: 128
Entering create_flow for src: 129
Entering create_flow for src: 130
Entering create_flow for src: 131
Entering create_flow for src: 132
Entering create_flow for src: 133
Entering create_flow for src: 134
Entering create_flow for src: 135
Entering create_flow for src: 136
Entering create_flow for src: 137
Entering create_flow for src: 138
Entering create_flow for src: 139
Entering create_flow for src: 140
Entering create_flow for src: 141
Entering create_flow for src: 142
Entering create_flow for src: 143
Entering create_flow for src: 144
Entering create_flow for src: 145
Entering create_flow for src: 146
Entering create_flow for src: 147
Entering create_flow for src: 148
Entering create_flow for src: 149
Entering create_flow for src: 150
Entering create_flow for src: 151
Entering create_flow for src: 152
Entering create_flow for src: 153
Entering create_flow for src: 154
Entering create_flow for src: 155
Entering create_flow for src: 156
Entering create_flow for src: 157
Entering create_flow for src: 158
Entering create_flow for src: 159
Entering create_flow for src: 544
Entering create_flow for src: 545
Entering create_flow for src: 546
Entering create_flow for src: 547
Entering create_flow for src: 548
Entering create_flow for src: 549
Entering create_flow for src: 550
Entering create_flow for src: 551
Entering create_flow for src: 552
Entering create_flow for src: 553
Entering create_flow for src: 554
Entering create_flow for src: 555
Entering create_flow for src: 556
Entering create_flow for src: 557
Entering create_flow for src: 558
Entering create_flow for src: 559
Entering create_flow for src: 560
Entering create_flow for src: 561
Entering create_flow for src: 562
Entering create_flow for src: 563
Entering create_flow for src: 564
Entering create_flow for src: 565
Entering create_flow for src: 566
Entering create_flow for src: 567
Entering create_flow for src: 568
Entering create_flow for src: 569
Entering create_flow for src: 570
Entering create_flow for src: 571
Entering create_flow for src: 572
Entering create_flow for src: 573
Entering create_flow for src: 574
Entering create_flow for src: 575
Entering create_flow for src: 672
Entering create_flow for src: 673
Entering create_flow for src: 674
Entering create_flow for src: 675
Entering create_flow for src: 676
Entering create_flow for src: 677
Entering create_flow for src: 678
Entering create_flow for src: 679
Entering create_flow for src: 680
Entering create_flow for src: 681
Entering create_flow for src: 682
Entering create_flow for src: 683
Entering create_flow for src: 684
Entering create_flow for src: 685
Entering create_flow for src: 686
Entering create_flow for src: 687
Entering create_flow for src: 688
Entering create_flow for src: 689
Entering create_flow for src: 690
Entering create_flow for src: 691
Entering create_flow for src: 692
Entering create_flow for src: 693
Entering create_flow for src: 694
Entering create_flow for src: 695
Entering create_flow for src: 696
Entering create_flow for src: 697
Entering create_flow for src: 698
Entering create_flow for src: 699
Entering create_flow for src: 700
Entering create_flow for src: 701
Entering create_flow for src: 702
Entering create_flow for src: 703
Entering create_flow for src: 576
Entering create_flow for src: 577
Entering create_flow for src: 578
Entering create_flow for src: 579
Entering create_flow for src: 580
Entering create_flow for src: 581
Entering create_flow for src: 582
Entering create_flow for src: 583
Entering create_flow for src: 584
Entering create_flow for src: 585
Entering create_flow for src: 586
Entering create_flow for src: 587
Entering create_flow for src: 588
Entering create_flow for src: 589
Entering create_flow for src: 590
Entering create_flow for src: 591
Entering create_flow for src: 592
Entering create_flow for src: 593
Entering create_flow for src: 594
Entering create_flow for src: 595
Entering create_flow for src: 596
Entering create_flow for src: 597
Entering create_flow for src: 598
Entering create_flow for src: 599
Entering create_flow for src: 600
Entering create_flow for src: 601
Entering create_flow for src: 602
Entering create_flow for src: 603
Entering create_flow for src: 604
Entering create_flow for src: 605
Entering create_flow for src: 606
Entering create_flow for src: 607
Entering create_flow for src: 608
Entering create_flow for src: 609
Entering create_flow for src: 610
Entering create_flow for src: 611
Entering create_flow for src: 612
Entering create_flow for src: 613
Entering create_flow for src: 614
Entering create_flow for src: 615
Entering create_flow for src: 616
Entering create_flow for src: 617
Entering create_flow for src: 618
Entering create_flow for src: 619
Entering create_flow for src: 620
Entering create_flow for src: 621
Entering create_flow for src: 622
Entering create_flow for src: 623
Entering create_flow for src: 624
Entering create_flow for src: 625
Entering create_flow for src: 626
Entering create_flow for src: 627
Entering create_flow for src: 628
Entering create_flow for src: 629
Entering create_flow for src: 630
Entering create_flow for src: 631
Entering create_flow for src: 632
Entering create_flow for src: 633
Entering create_flow for src: 634
Entering create_flow for src: 635
Entering create_flow for src: 636
Entering create_flow for src: 637
Entering create_flow for src: 638
Entering create_flow for src: 639
Entering create_flow for src: 352
Entering create_flow for src: 353
Entering create_flow for src: 354
Entering create_flow for src: 355
Entering create_flow for src: 356
Entering create_flow for src: 357
Entering create_flow for src: 358
Entering create_flow for src: 359
Entering create_flow for src: 360
Entering create_flow for src: 361
Entering create_flow for src: 362
Entering create_flow for src: 363
Entering create_flow for src: 364
Entering create_flow for src: 365
Entering create_flow for src: 366
Entering create_flow for src: 367
Entering create_flow for src: 368
Entering create_flow for src: 369
Entering create_flow for src: 370
Entering create_flow for src: 371
Entering create_flow for src: 372
Entering create_flow for src: 373
Entering create_flow for src: 374
Entering create_flow for src: 375
Entering create_flow for src: 376
Entering create_flow for src: 377
Entering create_flow for src: 378
Entering create_flow for src: 379
Entering create_flow for src: 380
Entering create_flow for src: 381
Entering create_flow for src: 382
Entering create_flow for src: 383
Entering create_flow for src: 512
Entering create_flow for src: 513
Entering create_flow for src: 514
Entering create_flow for src: 515
Entering create_flow for src: 516
Entering create_flow for src: 517
Entering create_flow for src: 518
Entering create_flow for src: 519
Entering create_flow for src: 520
Entering create_flow for src: 521
Entering create_flow for src: 522
Entering create_flow for src: 523
Entering create_flow for src: 524
Entering create_flow for src: 525
Entering create_flow for src: 526
Entering create_flow for src: 527
Entering create_flow for src: 528
Entering create_flow for src: 529
Entering create_flow for src: 530
Entering create_flow for src: 531
Entering create_flow for src: 532
Entering create_flow for src: 533
Entering create_flow for src: 534
Entering create_flow for src: 535
Entering create_flow for src: 536
Entering create_flow for src: 537
Entering create_flow for src: 538
Entering create_flow for src: 539
Entering create_flow for src: 540
Entering create_flow for src: 541
Entering create_flow for src: 542
Entering create_flow for src: 543
Entering create_flow for src: 736
Entering create_flow for src: 737
Entering create_flow for src: 738
Entering create_flow for src: 739
Entering create_flow for src: 740
Entering create_flow for src: 741
Entering create_flow for src: 742
Entering create_flow for src: 743
Entering create_flow for src: 744
Entering create_flow for src: 745
Entering create_flow for src: 746
Entering create_flow for src: 747
Entering create_flow for src: 748
Entering create_flow for src: 749
Entering create_flow for src: 750
Entering create_flow for src: 751
Entering create_flow for src: 752
Entering create_flow for src: 753
Entering create_flow for src: 754
Entering create_flow for src: 755
Entering create_flow for src: 756
Entering create_flow for src: 757
Entering create_flow for src: 758
Entering create_flow for src: 759
Entering create_flow for src: 760
Entering create_flow for src: 761
Entering create_flow for src: 762
Entering create_flow for src: 763
Entering create_flow for src: 764
Entering create_flow for src: 765
Entering create_flow for src: 766
Entering create_flow for src: 767
Entering create_flow for src: 256
Entering create_flow for src: 257
Entering create_flow for src: 258
Entering create_flow for src: 259
Entering create_flow for src: 260
Entering create_flow for src: 261
Entering create_flow for src: 262
Entering create_flow for src: 263
Entering create_flow for src: 264
Entering create_flow for src: 265
Entering create_flow for src: 266
Entering create_flow for src: 267
Entering create_flow for src: 268
Entering create_flow for src: 269
Entering create_flow for src: 270
Entering create_flow for src: 271
Entering create_flow for src: 272
Entering create_flow for src: 273
Entering create_flow for src: 274
Entering create_flow for src: 275
Entering create_flow for src: 276
Entering create_flow for src: 277
Entering create_flow for src: 278
Entering create_flow for src: 279
Entering create_flow for src: 280
Entering create_flow for src: 281
Entering create_flow for src: 282
Entering create_flow for src: 283
Entering create_flow for src: 284
Entering create_flow for src: 285
Entering create_flow for src: 286
Entering create_flow for src: 287
Entering create_flow for src: 416
Entering create_flow for src: 417
Entering create_flow for src: 418
Entering create_flow for src: 419
Entering create_flow for src: 420
Entering create_flow for src: 421
Entering create_flow for src: 422
Entering create_flow for src: 423
Entering create_flow for src: 424
Entering create_flow for src: 425
Entering create_flow for src: 426
Entering create_flow for src: 427
Entering create_flow for src: 428
Entering create_flow for src: 429
Entering create_flow for src: 430
Entering create_flow for src: 431
Entering create_flow for src: 432
Entering create_flow for src: 433
Entering create_flow for src: 434
Entering create_flow for src: 435
Entering create_flow for src: 436
Entering create_flow for src: 437
Entering create_flow for src: 438
Entering create_flow for src: 439
Entering create_flow for src: 440
Entering create_flow for src: 441
Entering create_flow for src: 442
Entering create_flow for src: 443
Entering create_flow for src: 444
Entering create_flow for src: 445
Entering create_flow for src: 446
Entering create_flow for src: 447
Entering create_flow for src: 448
Entering create_flow for src: 449
Entering create_flow for src: 450
Entering create_flow for src: 451
Entering create_flow for src: 452
Entering create_flow for src: 453
Entering create_flow for src: 454
Entering create_flow for src: 455
Entering create_flow for src: 456
Entering create_flow for src: 457
Entering create_flow for src: 458
Entering create_flow for src: 459
Entering create_flow for src: 460
Entering create_flow for src: 461
Entering create_flow for src: 462
Entering create_flow for src: 463
Entering create_flow for src: 464
Entering create_flow for src: 465
Entering create_flow for src: 466
Entering create_flow for src: 467
Entering create_flow for src: 468
Entering create_flow for src: 469
Entering create_flow for src: 470
Entering create_flow for src: 471
Entering create_flow for src: 472
Entering create_flow for src: 473
Entering create_flow for src: 474
Entering create_flow for src: 475
Entering create_flow for src: 476
Entering create_flow for src: 477
Entering create_flow for src: 478
Entering create_flow for src: 479
Entering create_flow for src: 704
Entering create_flow for src: 705
Entering create_flow for src: 706
Entering create_flow for src: 707
Entering create_flow for src: 708
Entering create_flow for src: 709
Entering create_flow for src: 710
Entering create_flow for src: 711
Entering create_flow for src: 712
Entering create_flow for src: 713
Entering create_flow for src: 714
Entering create_flow for src: 715
Entering create_flow for src: 716
Entering create_flow for src: 717
Entering create_flow for src: 718
Entering create_flow for src: 719
Entering create_flow for src: 720
Entering create_flow for src: 721
Entering create_flow for src: 722
Entering create_flow for src: 723
Entering create_flow for src: 724
Entering create_flow for src: 725
Entering create_flow for src: 726
Entering create_flow for src: 727
Entering create_flow for src: 728
Entering create_flow for src: 729
Entering create_flow for src: 730
Entering create_flow for src: 731
Entering create_flow for src: 732
Entering create_flow for src: 733
Entering create_flow for src: 734
Entering create_flow for src: 735
Entering create_flow for src: 640
Entering create_flow for src: 641
Entering create_flow for src: 642
Entering create_flow for src: 643
Entering create_flow for src: 644
Entering create_flow for src: 645
Entering create_flow for src: 646
Entering create_flow for src: 647
Entering create_flow for src: 648
Entering create_flow for src: 649
Entering create_flow for src: 650
Entering create_flow for src: 651
Entering create_flow for src: 652
Entering create_flow for src: 653
Entering create_flow for src: 654
Entering create_flow for src: 655
Entering create_flow for src: 656
Entering create_flow for src: 657
Entering create_flow for src: 658
Entering create_flow for src: 659
Entering create_flow for src: 660
Entering create_flow for src: 661
Entering create_flow for src: 662
Entering create_flow for src: 663
Entering create_flow for src: 664
Entering create_flow for src: 665
Entering create_flow for src: 666
Entering create_flow for src: 667
Entering create_flow for src: 668
Entering create_flow for src: 669
Entering create_flow for src: 670
Entering create_flow for src: 671
Entering create_flow for src: 480
Entering create_flow for src: 481
Entering create_flow for src: 482
Entering create_flow for src: 483
Entering create_flow for src: 484
Entering create_flow for src: 485
Entering create_flow for src: 486
Entering create_flow for src: 487
Entering create_flow for src: 488
Entering create_flow for src: 489
Entering create_flow for src: 490
Entering create_flow for src: 491
Entering create_flow for src: 492
Entering create_flow for src: 493
Entering create_flow for src: 494
Entering create_flow for src: 495
Entering create_flow for src: 496
Entering create_flow for src: 497
Entering create_flow for src: 498
Entering create_flow for src: 499
Entering create_flow for src: 500
Entering create_flow for src: 501
Entering create_flow for src: 502
Entering create_flow for src: 503
Entering create_flow for src: 504
Entering create_flow for src: 505
Entering create_flow for src: 506
Entering create_flow for src: 507
Entering create_flow for src: 508
Entering create_flow for src: 509
Entering create_flow for src: 510
Entering create_flow for src: 511
Entering create_flow for src: 384
Entering create_flow for src: 385
Entering create_flow for src: 386
Entering create_flow for src: 387
Entering create_flow for src: 388
Entering create_flow for src: 389
Entering create_flow for src: 390
Entering create_flow for src: 391
Entering create_flow for src: 392
Entering create_flow for src: 393
Entering create_flow for src: 394
Entering create_flow for src: 395
Entering create_flow for src: 396
Entering create_flow for src: 397
Entering create_flow for src: 398
Entering create_flow for src: 399
Entering create_flow for src: 400
Entering create_flow for src: 401
Entering create_flow for src: 402
Entering create_flow for src: 403
Entering create_flow for src: 404
Entering create_flow for src: 405
Entering create_flow for src: 406
Entering create_flow for src: 407
Entering create_flow for src: 408
Entering create_flow for src: 409
Entering create_flow for src: 410
Entering create_flow for src: 411
Entering create_flow for src: 412
Entering create_flow for src: 413
Entering create_flow for src: 414
Entering create_flow for src: 415
Entering create_flow for src: 288
Entering create_flow for src: 289
Entering create_flow for src: 290
Entering create_flow for src: 291
Entering create_flow for src: 292
Entering create_flow for src: 293
Entering create_flow for src: 294
Entering create_flow for src: 295
Entering create_flow for src: 296
Entering create_flow for src: 297
Entering create_flow for src: 298
Entering create_flow for src: 299
Entering create_flow for src: 300
Entering create_flow for src: 301
Entering create_flow for src: 302
Entering create_flow for src: 303
Entering create_flow for src: 304
Entering create_flow for src: 305
Entering create_flow for src: 306
Entering create_flow for src: 307
Entering create_flow for src: 308
Entering create_flow for src: 309
Entering create_flow for src: 310
Entering create_flow for src: 311
Entering create_flow for src: 312
Entering create_flow for src: 313
Entering create_flow for src: 314
Entering create_flow for src: 315
Entering create_flow for src: 316
Entering create_flow for src: 317
Entering create_flow for src: 318
Entering create_flow for src: 319
Entering create_flow for src: 320
Entering create_flow for src: 321
Entering create_flow for src: 322
Entering create_flow for src: 323
Entering create_flow for src: 324
Entering create_flow for src: 325
Entering create_flow for src: 326
Entering create_flow for src: 327
Entering create_flow for src: 328
Entering create_flow for src: 329
Entering create_flow for src: 330
Entering create_flow for src: 331
Entering create_flow for src: 332
Entering create_flow for src: 333
Entering create_flow for src: 334
Entering create_flow for src: 335
Entering create_flow for src: 336
Entering create_flow for src: 337
Entering create_flow for src: 338
Entering create_flow for src: 339
Entering create_flow for src: 340
Entering create_flow for src: 341
Entering create_flow for src: 342
Entering create_flow for src: 343
Entering create_flow for src: 344
Entering create_flow for src: 345
Entering create_flow for src: 346
Entering create_flow for src: 347
Entering create_flow for src: 348
Entering create_flow for src: 349
Entering create_flow for src: 350
Entering create_flow for src: 351
Entering create_flow for src: 992
Entering create_flow for src: 993
Entering create_flow for src: 994
Entering create_flow for src: 995
Entering create_flow for src: 996
Entering create_flow for src: 997
Entering create_flow for src: 998
Entering create_flow for src: 999
Entering create_flow for src: 1000
Entering create_flow for src: 1001
Entering create_flow for src: 1002
Entering create_flow for src: 1003
Entering create_flow for src: 1004
Entering create_flow for src: 1005
Entering create_flow for src: 1006
Entering create_flow for src: 1007
Entering create_flow for src: 1008
Entering create_flow for src: 1009
Entering create_flow for src: 1010
Entering create_flow for src: 1011
Entering create_flow for src: 1012
Entering create_flow for src: 1013
Entering create_flow for src: 1014
Entering create_flow for src: 1015
Entering create_flow for src: 1016
Entering create_flow for src: 1017
Entering create_flow for src: 1018
Entering create_flow for src: 1019
Entering create_flow for src: 1020
Entering create_flow for src: 1021
Entering create_flow for src: 1022
Entering create_flow for src: 1023
Entering create_flow for src: 768
Entering create_flow for src: 769
Entering create_flow for src: 770
Entering create_flow for src: 771
Entering create_flow for src: 772
Entering create_flow for src: 773
Entering create_flow for src: 774
Entering create_flow for src: 775
Entering create_flow for src: 776
Entering create_flow for src: 777
Entering create_flow for src: 778
Entering create_flow for src: 779
Entering create_flow for src: 780
Entering create_flow for src: 781
Entering create_flow for src: 782
Entering create_flow for src: 783
Entering create_flow for src: 784
Entering create_flow for src: 785
Entering create_flow for src: 786
Entering create_flow for src: 787
Entering create_flow for src: 788
Entering create_flow for src: 789
Entering create_flow for src: 790
Entering create_flow for src: 791
Entering create_flow for src: 792
Entering create_flow for src: 793
Entering create_flow for src: 794
Entering create_flow for src: 795
Entering create_flow for src: 796
Entering create_flow for src: 797
Entering create_flow for src: 798
Entering create_flow for src: 799
Entering create_flow for src: 960
Entering create_flow for src: 961
Entering create_flow for src: 962
Entering create_flow for src: 963
Entering create_flow for src: 964
Entering create_flow for src: 965
Entering create_flow for src: 966
Entering create_flow for src: 967
Entering create_flow for src: 968
Entering create_flow for src: 969
Entering create_flow for src: 970
Entering create_flow for src: 971
Entering create_flow for src: 972
Entering create_flow for src: 973
Entering create_flow for src: 974
Entering create_flow for src: 975
Entering create_flow for src: 976
Entering create_flow for src: 977
Entering create_flow for src: 978
Entering create_flow for src: 979
Entering create_flow for src: 980
Entering create_flow for src: 981
Entering create_flow for src: 982
Entering create_flow for src: 983
Entering create_flow for src: 984
Entering create_flow for src: 985
Entering create_flow for src: 986
Entering create_flow for src: 987
Entering create_flow for src: 988
Entering create_flow for src: 989
Entering create_flow for src: 990
Entering create_flow for src: 991
Entering create_flow for src: 928
Entering create_flow for src: 929
Entering create_flow for src: 930
Entering create_flow for src: 931
Entering create_flow for src: 932
Entering create_flow for src: 933
Entering create_flow for src: 934
Entering create_flow for src: 935
Entering create_flow for src: 936
Entering create_flow for src: 937
Entering create_flow for src: 938
Entering create_flow for src: 939
Entering create_flow for src: 940
Entering create_flow for src: 941
Entering create_flow for src: 942
Entering create_flow for src: 943
Entering create_flow for src: 944
Entering create_flow for src: 945
Entering create_flow for src: 946
Entering create_flow for src: 947
Entering create_flow for src: 948
Entering create_flow for src: 949
Entering create_flow for src: 950
Entering create_flow for src: 951
Entering create_flow for src: 952
Entering create_flow for src: 953
Entering create_flow for src: 954
Entering create_flow for src: 955
Entering create_flow for src: 956
Entering create_flow for src: 957
Entering create_flow for src: 958
Entering create_flow for src: 959
Entering create_flow for src: 896
Entering create_flow for src: 897
Entering create_flow for src: 898
Entering create_flow for src: 899
Entering create_flow for src: 900
Entering create_flow for src: 901
Entering create_flow for src: 902
Entering create_flow for src: 903
Entering create_flow for src: 904
Entering create_flow for src: 905
Entering create_flow for src: 906
Entering create_flow for src: 907
Entering create_flow for src: 908
Entering create_flow for src: 909
Entering create_flow for src: 910
Entering create_flow for src: 911
Entering create_flow for src: 912
Entering create_flow for src: 913
Entering create_flow for src: 914
Entering create_flow for src: 915
Entering create_flow for src: 916
Entering create_flow for src: 917
Entering create_flow for src: 918
Entering create_flow for src: 919
Entering create_flow for src: 920
Entering create_flow for src: 921
Entering create_flow for src: 922
Entering create_flow for src: 923
Entering create_flow for src: 924
Entering create_flow for src: 925
Entering create_flow for src: 926
Entering create_flow for src: 927
Entering create_flow for src: 864
Entering create_flow for src: 865
Entering create_flow for src: 866
Entering create_flow for src: 867
Entering create_flow for src: 868
Entering create_flow for src: 869
Entering create_flow for src: 870
Entering create_flow for src: 871
Entering create_flow for src: 872
Entering create_flow for src: 873
Entering create_flow for src: 874
Entering create_flow for src: 875
Entering create_flow for src: 876
Entering create_flow for src: 877
Entering create_flow for src: 878
Entering create_flow for src: 879
Entering create_flow for src: 880
Entering create_flow for src: 881
Entering create_flow for src: 882
Entering create_flow for src: 883
Entering create_flow for src: 884
Entering create_flow for src: 885
Entering create_flow for src: 886
Entering create_flow for src: 887
Entering create_flow for src: 888
Entering create_flow for src: 889
Entering create_flow for src: 890
Entering create_flow for src: 891
Entering create_flow for src: 892
Entering create_flow for src: 893
Entering create_flow for src: 894
Entering create_flow for src: 895
Entering create_flow for src: 800
Entering create_flow for src: 801
Entering create_flow for src: 802
Entering create_flow for src: 803
Entering create_flow for src: 804
Entering create_flow for src: 805
Entering create_flow for src: 806
Entering create_flow for src: 807
Entering create_flow for src: 808
Entering create_flow for src: 809
Entering create_flow for src: 810
Entering create_flow for src: 811
Entering create_flow for src: 812
Entering create_flow for src: 813
Entering create_flow for src: 814
Entering create_flow for src: 815
Entering create_flow for src: 816
Entering create_flow for src: 817
Entering create_flow for src: 818
Entering create_flow for src: 819
Entering create_flow for src: 820
Entering create_flow for src: 821
Entering create_flow for src: 822
Entering create_flow for src: 823
Entering create_flow for src: 824
Entering create_flow for src: 825
Entering create_flow for src: 826
Entering create_flow for src: 827
Entering create_flow for src: 828
Entering create_flow for src: 829
Entering create_flow for src: 830
Entering create_flow for src: 831
Entering create_flow for src: 832
Entering create_flow for src: 833
Entering create_flow for src: 834
Entering create_flow for src: 835
Entering create_flow for src: 836
Entering create_flow for src: 837
Entering create_flow for src: 838
Entering create_flow for src: 839
Entering create_flow for src: 840
Entering create_flow for src: 841
Entering create_flow for src: 842
Entering create_flow for src: 843
Entering create_flow for src: 844
Entering create_flow for src: 845
Entering create_flow for src: 846
Entering create_flow for src: 847
Entering create_flow for src: 848
Entering create_flow for src: 849
Entering create_flow for src: 850
Entering create_flow for src: 851
Entering create_flow for src: 852
Entering create_flow for src: 853
Entering create_flow for src: 854
Entering create_flow for src: 855
Entering create_flow for src: 856
Entering create_flow for src: 857
Entering create_flow for src: 858
Entering create_flow for src: 859
Entering create_flow for src: 860
Entering create_flow for src: 861
Entering create_flow for src: 862
Entering create_flow for src: 863
Entering create_flow for src: 0
Entering create_flow for src: 1
Entering create_flow for src: 2
Entering create_flow for src: 3
Entering create_flow for src: 4
Entering create_flow for src: 5
Entering create_flow for src: 6
Entering create_flow for src: 7
Entering create_flow for src: 8
Entering create_flow for src: 9
Entering create_flow for src: 10
Entering create_flow for src: 11
Entering create_flow for src: 12
Entering create_flow for src: 13
Entering create_flow for src: 14
Entering create_flow for src: 15
Entering create_flow for src: 16
Entering create_flow for src: 17
Entering create_flow for src: 18
Entering create_flow for src: 19
Entering create_flow for src: 20
Entering create_flow for src: 21
Entering create_flow for src: 22
Entering create_flow for src: 23
Entering create_flow for src: 24
Entering create_flow for src: 25
Entering create_flow for src: 26
Entering create_flow for src: 27
Entering create_flow for src: 28
Entering create_flow for src: 29
Entering create_flow for src: 30
Entering create_flow for src: 31
Exiting create_flow for src: 32
Exiting create_flow for src: 576
Exiting create_flow for src: 672
Exiting create_flow for src: 704
Exiting create_flow for src: 288
Exiting create_flow for src: 64
Exiting create_flow for src: 192
Exiting create_flow for src: 384
Exiting create_flow for src: 224
Exiting create_flow for src: 480
Exiting create_flow for src: 544
Exiting create_flow for src: 896
Exiting create_flow for src: 960
Exiting create_flow for src: 256
Exiting create_flow for src: 673
Exiting create_flow for src: 736
Exiting create_flow for src: 992
Exiting create_flow for src: 864
Exiting create_flow for src: 0
Exiting create_flow for src: 33
Exiting create_flow for src: 577
Exiting create_flow for src: 416
Exiting create_flow for src: 352
Exiting create_flow for src: 96
Exiting create_flow for src: 608
Exiting create_flow for src: 289
Exiting create_flow for src: 705
Exiting create_flow for src: 34
Exiting create_flow for src: 640
Exiting create_flow for src: 768
Exiting create_flow for src: 928
Exiting create_flow for src: 898
Exiting create_flow for src: 417
Exiting create_flow for src: 961
Exiting create_flow for src: 320
Exiting create_flow for src: 35
Exiting create_flow for src: 642
Exiting create_flow for src: 65
Exiting create_flow for src: 993
Exiting create_flow for src: 677
Exiting create_flow for src: 257
Exiting create_flow for src: 800
Exiting create_flow for src: 133
Exiting create_flow for src: 66
Exiting create_flow for src: 737
Exiting create_flow for src: 545
Exiting create_flow for src: 867
Exiting create_flow for src: 1
Exiting create_flow for src: 193
Exiting create_flow for src: 706
Exiting create_flow for src: 160
Exiting create_flow for src: 801
Exiting create_flow for src: 225
Exiting create_flow for src: 739
Exiting create_flow for src: 865
Exiting create_flow for src: 833
Exiting create_flow for src: 353
Exiting create_flow for src: 290
Exiting create_flow for src: 39
Exiting create_flow for src: 897
Exiting create_flow for src: 227
Exiting create_flow for src: 128
Exiting create_flow for src: 707
Exiting create_flow for src: 481
Exiting create_flow for src: 194
Exiting create_flow for src: 769
Exiting create_flow for src: 929
Exiting create_flow for src: 2
Exiting create_flow for src: 994
Exiting create_flow for src: 36
Exiting create_flow for src: 964
Exiting create_flow for src: 451
Exiting create_flow for src: 291
Exiting create_flow for src: 675
Exiting create_flow for src: 933
Exiting create_flow for src: 329
Exiting create_flow for src: 512
Exiting create_flow for src: 482
Exiting create_flow for src: 130
Exiting create_flow for src: 3
Exiting create_flow for src: 385
Exiting create_flow for src: 772
Exiting create_flow for src: 295
Exiting create_flow for src: 258
Exiting create_flow for src: 832
Exiting create_flow for src: 995
Exiting create_flow for src: 578
Exiting create_flow for src: 802
Exiting create_flow for src: 354
Exiting create_flow for src: 448
Exiting create_flow for src: 226
Exiting create_flow for src: 67
Exiting create_flow for src: 97
Exiting create_flow for src: 513
Exiting create_flow for src: 900
Exiting create_flow for src: 803
Exiting create_flow for src: 321
Exiting create_flow for src: 930
Exiting create_flow for src: 355
Exiting create_flow for src: 962
Exiting create_flow for src: 322
Exiting create_flow for src: 449
Exiting create_flow for src: 931
Exiting create_flow for src: 771
Exiting create_flow for src: 674
Exiting create_flow for src: 195
Exiting create_flow for src: 450
Exiting create_flow for src: 676
Exiting create_flow for src: 129
Exiting create_flow for src: 996
Exiting create_flow for src: 579
Exiting create_flow for src: 524
Exiting create_flow for src: 161
Exiting create_flow for src: 899
Exiting create_flow for src: 323
Exiting create_flow for src: 98
Exiting create_flow for src: 162
Exiting create_flow for src: 738
Exiting create_flow for src: 866
Exiting create_flow for src: 901
Exiting create_flow for src: 386
Exiting create_flow for src: 678
Exiting create_flow for src: 740
Exiting create_flow for src: 580
Exiting create_flow for src: 483
Exiting create_flow for src: 770
Exiting create_flow for src: 641
Exiting create_flow for src: 484
Exiting create_flow for src: 356
Exiting create_flow for src: 68
Exiting create_flow for src: 200
Exiting create_flow for src: 163
Exiting create_flow for src: 37
Exiting create_flow for src: 963
Exiting create_flow for src: 418
Exiting create_flow for src: 4
Exiting create_flow for src: 679
Exiting create_flow for src: 164
Exiting create_flow for src: 546
Exiting create_flow for src: 773
Exiting create_flow for src: 419
Exiting create_flow for src: 69
Exiting create_flow for src: 609
Exiting create_flow for src: 680
Exiting create_flow for src: 834
Exiting create_flow for src: 708
Exiting create_flow for src: 868
Exiting create_flow for src: 485
Exiting create_flow for src: 431
Exiting create_flow for src: 643
Exiting create_flow for src: 610
Exiting create_flow for src: 965
Exiting create_flow for src: 547
Exiting create_flow for src: 804
Exiting create_flow for src: 493
Exiting create_flow for src: 644
Exiting create_flow for src: 357
Exiting create_flow for src: 259
Exiting create_flow for src: 581
Exiting create_flow for src: 548
Exiting create_flow for src: 228
Exiting create_flow for src: 452
Exiting create_flow for src: 712
Exiting create_flow for src: 835
Exiting create_flow for src: 872
Exiting create_flow for src: 932
Exiting create_flow for src: 99
Exiting create_flow for src: 645
Exiting create_flow for src: 939
Exiting create_flow for src: 836
Exiting create_flow for src: 260
Exiting create_flow for src: 38
Exiting create_flow for src: 165
Exiting create_flow for src: 583
Exiting create_flow for src: 5
Exiting create_flow for src: 869
Exiting create_flow for src: 71
Exiting create_flow for src: 170
Exiting create_flow for src: 514
Exiting create_flow for src: 324
Exiting create_flow for src: 131
Exiting create_flow for src: 875
Exiting create_flow for src: 611
Exiting create_flow for src: 387
Exiting create_flow for src: 453
Exiting create_flow for src: 325
Exiting create_flow for src: 549
Exiting create_flow for src: 199
Exiting create_flow for src: 100
Exiting create_flow for src: 837
Exiting create_flow for src: 586
Exiting create_flow for src: 843
Exiting create_flow for src: 363
Exiting create_flow for src: 709
Exiting create_flow for src: 612
Exiting create_flow for src: 110
Exiting create_flow for src: 6
Exiting create_flow for src: 972
Exiting create_flow for src: 388
Exiting create_flow for src: 613
Exiting create_flow for src: 75
Exiting create_flow for src: 582
Exiting create_flow for src: 40
Exiting create_flow for src: 229
Exiting create_flow for src: 138
Exiting create_flow for src: 389
Exiting create_flow for src: 204
Exiting create_flow for src: 390
Exiting create_flow for src: 647
Exiting create_flow for src: 391
Exiting create_flow for src: 741
Exiting create_flow for src: 616
Exiting create_flow for src: 432
Exiting create_flow for src: 392
Exiting create_flow for src: 742
Exiting create_flow for src: 393
Exiting create_flow for src: 398
Exiting create_flow for src: 587
Exiting create_flow for src: 870
Exiting create_flow for src: 838
Exiting create_flow for src: 394
Exiting create_flow for src: 692
Exiting create_flow for src: 7
Exiting create_flow for src: 261
Exiting create_flow for src: 614
Exiting create_flow for src: 515
Exiting create_flow for src: 743
Exiting create_flow for src: 486
Exiting create_flow for src: 966
Exiting create_flow for src: 41
Exiting create_flow for src: 132
Exiting create_flow for src: 774
Exiting create_flow for src: 710
Exiting create_flow for src: 326
Exiting create_flow for src: 420
Exiting create_flow for src: 646
Exiting create_flow for src: 902
Exiting create_flow for src: 550
Exiting create_flow for src: 196
Exiting create_flow for src: 805
Exiting create_flow for src: 454
Exiting create_flow for src: 934
Exiting create_flow for src: 584
Exiting create_flow for src: 839
Exiting create_flow for src: 230
Exiting create_flow for src: 70
Exiting create_flow for src: 421
Exiting create_flow for src: 166
Exiting create_flow for src: 8
Exiting create_flow for src: 101
Exiting create_flow for src: 551
Exiting create_flow for src: 967
Exiting create_flow for src: 395
Exiting create_flow for src: 711
Exiting create_flow for src: 42
Exiting create_flow for src: 681
Exiting create_flow for src: 806
Exiting create_flow for src: 935
Exiting create_flow for src: 903
Exiting create_flow for src: 648
Exiting create_flow for src: 516
Exiting create_flow for src: 327
Exiting create_flow for src: 134
Exiting create_flow for src: 262
Exiting create_flow for src: 585
Exiting create_flow for src: 102
Exiting create_flow for src: 231
Exiting create_flow for src: 744
Exiting create_flow for src: 422
Exiting create_flow for src: 197
Exiting create_flow for src: 358
Exiting create_flow for src: 43
Exiting create_flow for src: 997
Exiting create_flow for src: 167
Exiting create_flow for src: 615
Exiting create_flow for src: 9
Exiting create_flow for src: 72
Exiting create_flow for src: 292
Exiting create_flow for src: 969
Exiting create_flow for src: 871
Exiting create_flow for src: 807
Exiting create_flow for src: 904
Exiting create_flow for src: 713
Exiting create_flow for src: 682
Exiting create_flow for src: 936
Exiting create_flow for src: 135
Exiting create_flow for src: 998
Exiting create_flow for src: 840
Exiting create_flow for src: 552
Exiting create_flow for src: 588
Exiting create_flow for src: 232
Exiting create_flow for src: 198
Exiting create_flow for src: 328
Exiting create_flow for src: 44
Exiting create_flow for src: 618
Exiting create_flow for src: 487
Exiting create_flow for src: 775
Exiting create_flow for src: 968
Exiting create_flow for src: 745
Exiting create_flow for src: 423
Exiting create_flow for src: 841
Exiting create_flow for src: 103
Exiting create_flow for src: 396
Exiting create_flow for src: 293
Exiting create_flow for src: 517
Exiting create_flow for src: 808
Exiting create_flow for src: 873
Exiting create_flow for src: 10
Exiting create_flow for src: 683
Exiting create_flow for src: 359
Exiting create_flow for src: 263
Exiting create_flow for src: 45
Exiting create_flow for src: 168
Exiting create_flow for src: 617
Exiting create_flow for src: 999
Exiting create_flow for src: 905
Exiting create_flow for src: 937
Exiting create_flow for src: 455
Exiting create_flow for src: 233
Exiting create_flow for src: 776
Exiting create_flow for src: 397
Exiting create_flow for src: 331
Exiting create_flow for src: 589
Exiting create_flow for src: 294
Exiting create_flow for src: 649
Exiting create_flow for src: 874
Exiting create_flow for src: 264
Exiting create_flow for src: 1000
Exiting create_flow for src: 360
Exiting create_flow for src: 488
Exiting create_flow for src: 553
Exiting create_flow for src: 906
Exiting create_flow for src: 842
Exiting create_flow for src: 201
Exiting create_flow for src: 777
Exiting create_flow for src: 970
Exiting create_flow for src: 46
Exiting create_flow for src: 746
Exiting create_flow for src: 938
Exiting create_flow for src: 809
Exiting create_flow for src: 104
Exiting create_flow for src: 714
Exiting create_flow for src: 619
Exiting create_flow for src: 169
Exiting create_flow for src: 136
Exiting create_flow for src: 296
Exiting create_flow for src: 73
Exiting create_flow for src: 361
Exiting create_flow for src: 202
Exiting create_flow for src: 554
Exiting create_flow for src: 1001
Exiting create_flow for src: 400
Exiting create_flow for src: 459
Exiting create_flow for src: 778
Exiting create_flow for src: 171
Exiting create_flow for src: 137
Exiting create_flow for src: 489
Exiting create_flow for src: 265
Exiting create_flow for src: 971
Exiting create_flow for src: 652
Exiting create_flow for src: 11
Exiting create_flow for src: 1002
Exiting create_flow for src: 810
Exiting create_flow for src: 876
Exiting create_flow for src: 747
Exiting create_flow for src: 940
Exiting create_flow for src: 105
Exiting create_flow for src: 203
Exiting create_flow for src: 844
Exiting create_flow for src: 330
Exiting create_flow for src: 424
Exiting create_flow for src: 590
Exiting create_flow for src: 74
Exiting create_flow for src: 234
Exiting create_flow for src: 620
Exiting create_flow for src: 362
Exiting create_flow for src: 139
Exiting create_flow for src: 555
Exiting create_flow for src: 650
Exiting create_flow for src: 297
Exiting create_flow for src: 907
Exiting create_flow for src: 715
Exiting create_flow for src: 399
Exiting create_flow for src: 779
Exiting create_flow for src: 12
Exiting create_flow for src: 1003
Exiting create_flow for src: 941
Exiting create_flow for src: 425
Exiting create_flow for src: 518
Exiting create_flow for src: 47
Exiting create_flow for src: 106
Exiting create_flow for src: 205
Exiting create_flow for src: 235
Exiting create_flow for src: 490
Exiting create_flow for src: 456
Exiting create_flow for src: 298
Exiting create_flow for src: 716
Exiting create_flow for src: 651
Exiting create_flow for src: 942
Exiting create_flow for src: 401
Exiting create_flow for src: 684
Exiting create_flow for src: 811
Exiting create_flow for src: 48
Exiting create_flow for src: 845
Exiting create_flow for src: 877
Exiting create_flow for src: 748
Exiting create_flow for src: 332
Exiting create_flow for src: 908
Exiting create_flow for src: 140
Exiting create_flow for src: 236
Exiting create_flow for src: 206
Exiting create_flow for src: 780
Exiting create_flow for src: 621
Exiting create_flow for src: 266
Exiting create_flow for src: 457
Exiting create_flow for src: 973
Exiting create_flow for src: 943
Exiting create_flow for src: 173
Exiting create_flow for src: 1004
Exiting create_flow for src: 426
Exiting create_flow for src: 717
Exiting create_flow for src: 812
Exiting create_flow for src: 519
Exiting create_flow for src: 402
Exiting create_flow for src: 556
Exiting create_flow for src: 753
Exiting create_flow for src: 13
Exiting create_flow for src: 267
Exiting create_flow for src: 458
Exiting create_flow for src: 237
Exiting create_flow for src: 107
Exiting create_flow for src: 141
Exiting create_flow for src: 172
Exiting create_flow for src: 299
Exiting create_flow for src: 685
Exiting create_flow for src: 364
Exiting create_flow for src: 520
Exiting create_flow for src: 622
Exiting create_flow for src: 909
Exiting create_flow for src: 749
Exiting create_flow for src: 594
Exiting create_flow for src: 491
Exiting create_flow for src: 335
Exiting create_flow for src: 460
Exiting create_flow for src: 878
Exiting create_flow for src: 846
Exiting create_flow for src: 974
Exiting create_flow for src: 813
Exiting create_flow for src: 365
Exiting create_flow for src: 142
Exiting create_flow for src: 427
Exiting create_flow for src: 268
Exiting create_flow for src: 207
Exiting create_flow for src: 108
Exiting create_flow for src: 174
Exiting create_flow for src: 591
Exiting create_flow for src: 492
Exiting create_flow for src: 300
Exiting create_flow for src: 750
Exiting create_flow for src: 557
Exiting create_flow for src: 333
Exiting create_flow for src: 1005
Exiting create_flow for src: 781
Exiting create_flow for src: 653
Exiting create_flow for src: 175
Exiting create_flow for src: 911
Exiting create_flow for src: 686
Exiting create_flow for src: 625
Exiting create_flow for src: 521
Exiting create_flow for src: 494
Exiting create_flow for src: 368
Exiting create_flow for src: 109
Exiting create_flow for src: 751
Exiting create_flow for src: 428
Exiting create_flow for src: 782
Exiting create_flow for src: 143
Exiting create_flow for src: 592
Exiting create_flow for src: 334
Exiting create_flow for src: 623
Exiting create_flow for src: 687
Exiting create_flow for src: 879
Exiting create_flow for src: 847
Exiting create_flow for src: 366
Exiting create_flow for src: 912
Exiting create_flow for src: 270
Exiting create_flow for src: 718
Exiting create_flow for src: 429
Exiting create_flow for src: 176
Exiting create_flow for src: 522
Exiting create_flow for src: 560
Exiting create_flow for src: 975
Exiting create_flow for src: 144
Exiting create_flow for src: 654
Exiting create_flow for src: 783
Exiting create_flow for src: 466
Exiting create_flow for src: 301
Exiting create_flow for src: 403
Exiting create_flow for src: 719
Exiting create_flow for src: 814
Exiting create_flow for src: 76
Exiting create_flow for src: 111
Exiting create_flow for src: 238
Exiting create_flow for src: 593
Exiting create_flow for src: 1006
Exiting create_flow for src: 177
Exiting create_flow for src: 558
Exiting create_flow for src: 367
Exiting create_flow for src: 752
Exiting create_flow for src: 461
Exiting create_flow for src: 944
Exiting create_flow for src: 495
Exiting create_flow for src: 880
Exiting create_flow for src: 77
Exiting create_flow for src: 19
Exiting create_flow for src: 784
Exiting create_flow for src: 655
Exiting create_flow for src: 302
Exiting create_flow for src: 49
Exiting create_flow for src: 559
Exiting create_flow for src: 430
Exiting create_flow for src: 754
Exiting create_flow for src: 910
Exiting create_flow for src: 145
Exiting create_flow for src: 688
Exiting create_flow for src: 239
Exiting create_flow for src: 881
Exiting create_flow for src: 112
Exiting create_flow for src: 212
Exiting create_flow for src: 269
Exiting create_flow for src: 404
Exiting create_flow for src: 624
Exiting create_flow for src: 178
Exiting create_flow for src: 945
Exiting create_flow for src: 496
Exiting create_flow for src: 146
Exiting create_flow for src: 786
Exiting create_flow for src: 14
Exiting create_flow for src: 336
Exiting create_flow for src: 462
Exiting create_flow for src: 433
Exiting create_flow for src: 689
Exiting create_flow for src: 595
Exiting create_flow for src: 240
Exiting create_flow for src: 755
Exiting create_flow for src: 78
Exiting create_flow for src: 497
Exiting create_flow for src: 1007
Exiting create_flow for src: 523
Exiting create_flow for src: 407
Exiting create_flow for src: 976
Exiting create_flow for src: 815
Exiting create_flow for src: 208
Exiting create_flow for src: 463
Exiting create_flow for src: 337
Exiting create_flow for src: 596
Exiting create_flow for src: 626
Exiting create_flow for src: 913
Exiting create_flow for src: 50
Exiting create_flow for src: 147
Exiting create_flow for src: 657
Exiting create_flow for src: 697
Exiting create_flow for src: 434
Exiting create_flow for src: 785
Exiting create_flow for src: 977
Exiting create_flow for src: 209
Exiting create_flow for src: 369
Exiting create_flow for src: 15
Exiting create_flow for src: 405
Exiting create_flow for src: 113
Exiting create_flow for src: 946
Exiting create_flow for src: 51
Exiting create_flow for src: 1008
Exiting create_flow for src: 848
Exiting create_flow for src: 271
Exiting create_flow for src: 498
Exiting create_flow for src: 914
Exiting create_flow for src: 181
Exiting create_flow for src: 887
Exiting create_flow for src: 690
Exiting create_flow for src: 370
Exiting create_flow for src: 978
Exiting create_flow for src: 338
Exiting create_flow for src: 849
Exiting create_flow for src: 788
Exiting create_flow for src: 303
Exiting create_flow for src: 464
Exiting create_flow for src: 406
Exiting create_flow for src: 529
Exiting create_flow for src: 210
Exiting create_flow for src: 561
Exiting create_flow for src: 241
Exiting create_flow for src: 656
Exiting create_flow for src: 597
Exiting create_flow for src: 499
Exiting create_flow for src: 691
Exiting create_flow for src: 148
Exiting create_flow for src: 816
Exiting create_flow for src: 756
Exiting create_flow for src: 52
Exiting create_flow for src: 79
Exiting create_flow for src: 304
Exiting create_flow for src: 272
Exiting create_flow for src: 465
Exiting create_flow for src: 242
Exiting create_flow for src: 850
Exiting create_flow for src: 408
Exiting create_flow for src: 947
Exiting create_flow for src: 16
Exiting create_flow for src: 598
Exiting create_flow for src: 693
Exiting create_flow for src: 339
Exiting create_flow for src: 115
Exiting create_flow for src: 211
Exiting create_flow for src: 179
Exiting create_flow for src: 757
Exiting create_flow for src: 371
Exiting create_flow for src: 882
Exiting create_flow for src: 525
Exiting create_flow for src: 915
Exiting create_flow for src: 17
Exiting create_flow for src: 562
Exiting create_flow for src: 306
Exiting create_flow for src: 851
Exiting create_flow for src: 627
Exiting create_flow for src: 274
Exiting create_flow for src: 817
Exiting create_flow for src: 599
Exiting create_flow for src: 694
Exiting create_flow for src: 409
Exiting create_flow for src: 883
Exiting create_flow for src: 787
Exiting create_flow for src: 53
Exiting create_flow for src: 114
Exiting create_flow for src: 758
Exiting create_flow for src: 18
Exiting create_flow for src: 526
Exiting create_flow for src: 1009
Exiting create_flow for src: 919
Exiting create_flow for src: 628
Exiting create_flow for src: 372
Exiting create_flow for src: 435
Exiting create_flow for src: 243
Exiting create_flow for src: 411
Exiting create_flow for src: 307
Exiting create_flow for src: 213
Exiting create_flow for src: 979
Exiting create_flow for src: 852
Exiting create_flow for src: 149
Exiting create_flow for src: 695
Exiting create_flow for src: 54
Exiting create_flow for src: 884
Exiting create_flow for src: 759
Exiting create_flow for src: 789
Exiting create_flow for src: 275
Exiting create_flow for src: 1010
Exiting create_flow for src: 720
Exiting create_flow for src: 818
Exiting create_flow for src: 500
Exiting create_flow for src: 244
Exiting create_flow for src: 152
Exiting create_flow for src: 527
Exiting create_flow for src: 916
Exiting create_flow for src: 853
Exiting create_flow for src: 180
Exiting create_flow for src: 948
Exiting create_flow for src: 80
Exiting create_flow for src: 305
Exiting create_flow for src: 340
Exiting create_flow for src: 501
Exiting create_flow for src: 214
Exiting create_flow for src: 760
Exiting create_flow for src: 664
Exiting create_flow for src: 1011
Exiting create_flow for src: 917
Exiting create_flow for src: 854
Exiting create_flow for src: 410
Exiting create_flow for src: 436
Exiting create_flow for src: 696
Exiting create_flow for src: 528
Exiting create_flow for src: 81
Exiting create_flow for src: 150
Exiting create_flow for src: 629
Exiting create_flow for src: 273
Exiting create_flow for src: 341
Exiting create_flow for src: 603
Exiting create_flow for src: 918
Exiting create_flow for src: 885
Exiting create_flow for src: 949
Exiting create_flow for src: 116
Exiting create_flow for src: 1012
Exiting create_flow for src: 698
Exiting create_flow for src: 658
Exiting create_flow for src: 182
Exiting create_flow for src: 790
Exiting create_flow for src: 20
Exiting create_flow for src: 530
Exiting create_flow for src: 82
Exiting create_flow for src: 825
Exiting create_flow for src: 920
Exiting create_flow for src: 630
Exiting create_flow for src: 600
Exiting create_flow for src: 437
Exiting create_flow for src: 665
Exiting create_flow for src: 502
Exiting create_flow for src: 950
Exiting create_flow for src: 467
Exiting create_flow for src: 980
Exiting create_flow for src: 151
Exiting create_flow for src: 276
Exiting create_flow for src: 531
Exiting create_flow for src: 858
Exiting create_flow for src: 761
Exiting create_flow for src: 886
Exiting create_flow for src: 183
Exiting create_flow for src: 308
Exiting create_flow for src: 721
Exiting create_flow for src: 342
Exiting create_flow for src: 563
Exiting create_flow for src: 951
Exiting create_flow for src: 468
Exiting create_flow for src: 981
Exiting create_flow for src: 921
Exiting create_flow for src: 412
Exiting create_flow for src: 153
Exiting create_flow for src: 503
Exiting create_flow for src: 888
Exiting create_flow for src: 699
Exiting create_flow for src: 791
Exiting create_flow for src: 438
Exiting create_flow for src: 952
Exiting create_flow for src: 601
Exiting create_flow for src: 83
Exiting create_flow for src: 309
Exiting create_flow for src: 564
Exiting create_flow for src: 344
Exiting create_flow for src: 215
Exiting create_flow for src: 855
Exiting create_flow for src: 987
Exiting create_flow for src: 117
Exiting create_flow for src: 828
Exiting create_flow for src: 532
Exiting create_flow for src: 762
Exiting create_flow for src: 953
Exiting create_flow for src: 413
Exiting create_flow for src: 21
Exiting create_flow for src: 922
Exiting create_flow for src: 565
Exiting create_flow for src: 439
Exiting create_flow for src: 55
Exiting create_flow for src: 700
Exiting create_flow for src: 1013
Exiting create_flow for src: 728
Exiting create_flow for src: 245
Exiting create_flow for src: 310
Exiting create_flow for src: 819
Exiting create_flow for src: 631
Exiting create_flow for src: 659
Exiting create_flow for src: 954
Exiting create_flow for src: 602
Exiting create_flow for src: 184
Exiting create_flow for src: 373
Exiting create_flow for src: 118
Exiting create_flow for src: 343
Exiting create_flow for src: 763
Exiting create_flow for src: 154
Exiting create_flow for src: 703
Exiting create_flow for src: 277
Exiting create_flow for src: 955
Exiting create_flow for src: 982
Exiting create_flow for src: 820
Exiting create_flow for src: 533
Exiting create_flow for src: 185
Exiting create_flow for src: 660
Exiting create_flow for src: 246
Exiting create_flow for src: 1014
Exiting create_flow for src: 604
Exiting create_flow for src: 221
Exiting create_flow for src: 889
Exiting create_flow for src: 414
Exiting create_flow for src: 792
Exiting create_flow for src: 504
Exiting create_flow for src: 56
Exiting create_flow for src: 155
Exiting create_flow for src: 186
Exiting create_flow for src: 661
Exiting create_flow for src: 119
Exiting create_flow for src: 722
Exiting create_flow for src: 821
Exiting create_flow for src: 534
Exiting create_flow for src: 956
Exiting create_flow for src: 923
Exiting create_flow for src: 374
Exiting create_flow for src: 856
Exiting create_flow for src: 701
Exiting create_flow for src: 983
Exiting create_flow for src: 793
Exiting create_flow for src: 890
Exiting create_flow for src: 57
Exiting create_flow for src: 278
Exiting create_flow for src: 156
Exiting create_flow for src: 632
Exiting create_flow for src: 822
Exiting create_flow for src: 444
Exiting create_flow for src: 247
Exiting create_flow for src: 469
Exiting create_flow for src: 723
Exiting create_flow for src: 313
Exiting create_flow for src: 345
Exiting create_flow for src: 957
Exiting create_flow for src: 605
Exiting create_flow for src: 702
Exiting create_flow for src: 662
Exiting create_flow for src: 383
Exiting create_flow for src: 1015
Exiting create_flow for src: 857
Exiting create_flow for src: 984
Exiting create_flow for src: 415
Exiting create_flow for src: 823
Exiting create_flow for src: 216
Exiting create_flow for src: 764
Exiting create_flow for src: 794
Exiting create_flow for src: 924
Exiting create_flow for src: 248
Exiting create_flow for src: 157
Exiting create_flow for src: 58
Exiting create_flow for src: 536
Exiting create_flow for src: 505
Exiting create_flow for src: 958
Exiting create_flow for src: 311
Exiting create_flow for src: 470
Exiting create_flow for src: 663
Exiting create_flow for src: 985
Exiting create_flow for src: 724
Exiting create_flow for src: 566
Exiting create_flow for src: 606
Exiting create_flow for src: 859
Exiting create_flow for src: 346
Exiting create_flow for src: 187
Exiting create_flow for src: 217
Exiting create_flow for src: 506
Exiting create_flow for src: 639
Exiting create_flow for src: 765
Exiting create_flow for src: 891
Exiting create_flow for src: 312
Exiting create_flow for src: 159
Exiting create_flow for src: 440
Exiting create_flow for src: 959
Exiting create_flow for src: 375
Exiting create_flow for src: 347
Exiting create_flow for src: 725
Exiting create_flow for src: 860
Exiting create_flow for src: 795
Exiting create_flow for src: 279
Exiting create_flow for src: 1016
Exiting create_flow for src: 633
Exiting create_flow for src: 925
Exiting create_flow for src: 892
Exiting create_flow for src: 766
Exiting create_flow for src: 607
Exiting create_flow for src: 218
Exiting create_flow for src: 986
Exiting create_flow for src: 471
Exiting create_flow for src: 567
Exiting create_flow for src: 84
Exiting create_flow for src: 158
Exiting create_flow for src: 59
Exiting create_flow for src: 507
Exiting create_flow for src: 441
Exiting create_flow for src: 22
Exiting create_flow for src: 348
Exiting create_flow for src: 249
Exiting create_flow for src: 796
Exiting create_flow for src: 634
Exiting create_flow for src: 861
Exiting create_flow for src: 219
Exiting create_flow for src: 1019
Exiting create_flow for src: 926
Exiting create_flow for src: 767
Exiting create_flow for src: 535
Exiting create_flow for src: 188
Exiting create_flow for src: 376
Exiting create_flow for src: 508
Exiting create_flow for src: 120
Exiting create_flow for src: 23
Exiting create_flow for src: 472
Exiting create_flow for src: 988
Exiting create_flow for src: 568
Exiting create_flow for src: 862
Exiting create_flow for src: 220
Exiting create_flow for src: 666
Exiting create_flow for src: 927
Exiting create_flow for src: 85
Exiting create_flow for src: 797
Exiting create_flow for src: 734
Exiting create_flow for src: 824
Exiting create_flow for src: 377
Exiting create_flow for src: 121
Exiting create_flow for src: 280
Exiting create_flow for src: 473
Exiting create_flow for src: 314
Exiting create_flow for src: 569
Exiting create_flow for src: 989
Exiting create_flow for src: 863
Exiting create_flow for src: 635
Exiting create_flow for src: 60
Exiting create_flow for src: 250
Exiting create_flow for src: 349
Exiting create_flow for src: 24
Exiting create_flow for src: 189
Exiting create_flow for src: 826
Exiting create_flow for src: 86
Exiting create_flow for src: 798
Exiting create_flow for src: 893
Exiting create_flow for src: 667
Exiting create_flow for src: 222
Exiting create_flow for src: 378
Exiting create_flow for src: 537
Exiting create_flow for src: 122
Exiting create_flow for src: 726
Exiting create_flow for src: 281
Exiting create_flow for src: 509
Exiting create_flow for src: 799
Exiting create_flow for src: 570
Exiting create_flow for src: 827
Exiting create_flow for src: 990
Exiting create_flow for src: 442
Exiting create_flow for src: 894
Exiting create_flow for src: 474
Exiting create_flow for src: 350
Exiting create_flow for src: 668
Exiting create_flow for src: 223
Exiting create_flow for src: 87
Exiting create_flow for src: 315
Exiting create_flow for src: 538
Exiting create_flow for src: 379
Exiting create_flow for src: 1017
Exiting create_flow for src: 727
Exiting create_flow for src: 829
Exiting create_flow for src: 123
Exiting create_flow for src: 190
Exiting create_flow for src: 61
Exiting create_flow for src: 669
Exiting create_flow for src: 25
Exiting create_flow for src: 88
Exiting create_flow for src: 895
Exiting create_flow for src: 351
Exiting create_flow for src: 251
Exiting create_flow for src: 571
Exiting create_flow for src: 443
Exiting create_flow for src: 316
Exiting create_flow for src: 539
Exiting create_flow for src: 380
Exiting create_flow for src: 282
Exiting create_flow for src: 729
Exiting create_flow for src: 991
Exiting create_flow for src: 1018
Exiting create_flow for src: 191
Exiting create_flow for src: 636
Exiting create_flow for src: 510
Exiting create_flow for src: 475
Exiting create_flow for src: 124
Exiting create_flow for src: 670
Exiting create_flow for src: 445
Exiting create_flow for src: 730
Exiting create_flow for src: 830
Exiting create_flow for src: 1020
Exiting create_flow for src: 283
Exiting create_flow for src: 572
Exiting create_flow for src: 637
Exiting create_flow for src: 62
Exiting create_flow for src: 540
Exiting create_flow for src: 89
Exiting create_flow for src: 317
Exiting create_flow for src: 26
Exiting create_flow for src: 125
Exiting create_flow for src: 381
Exiting create_flow for src: 671
Exiting create_flow for src: 511
Exiting create_flow for src: 446
Exiting create_flow for src: 731
Exiting create_flow for src: 573
Exiting create_flow for src: 831
Exiting create_flow for src: 638
Exiting create_flow for src: 63
Exiting create_flow for src: 476
Exiting create_flow for src: 1021
Exiting create_flow for src: 541
Exiting create_flow for src: 126
Exiting create_flow for src: 27
Exiting create_flow for src: 252
Exiting create_flow for src: 284
Exiting create_flow for src: 318
Exiting create_flow for src: 382
Exiting create_flow for src: 90
Exiting create_flow for src: 574
Exiting create_flow for src: 447
Exiting create_flow for src: 732
Exiting create_flow for src: 477
Exiting create_flow for src: 28
Exiting create_flow for src: 253
Exiting create_flow for src: 542
Exiting create_flow for src: 285
Exiting create_flow for src: 319
Exiting create_flow for src: 1022
Exiting create_flow for src: 127
Exiting create_flow for src: 575
Exiting create_flow for src: 91
Exiting create_flow for src: 733
Exiting create_flow for src: 478
Exiting create_flow for src: 29
Exiting create_flow for src: 254
Exiting create_flow for src: 1023
Exiting create_flow for src: 543
Exiting create_flow for src: 286
Exiting create_flow for src: 92
Exiting create_flow for src: 735
Exiting create_flow for src: 479
Exiting create_flow for src: 30
Exiting create_flow for src: 255
Exiting create_flow for src: 287
Exiting create_flow for src: 93
Exiting create_flow for src: 31
Exiting create_flow for src: 94
Exiting create_flow for src: 95
======================================================
=== pass_config_data_and_gen_network_entt ===
topo_tensor.data: 6144,
Tensor data availability: Topo=Available, Fib=Available
Network entities already created - skipping
======================================================
Entering setup_flow for NET_NPU_ID: 0
======================================================
=== pass_config_data_and_gen_network_entt ===
topo_tensor.data: 6144,
Tensor data availability: Topo=Available, Fib=Available
Network entities already created - skipping
======================================================
Entering setup_flow for NET_NPU_ID: 0
======================================================
=== pass_config_data_and_gen_network_entt ===
topo_tensor.data: 6144,
Tensor data availability: Topo=Available, Fib=Available
Network entities already created - skipping
======================================================
Entering setup_flow for NET_NPU_ID: 0
======================================================
=== pass_config_data_and_gen_network_entt ===
topo_tensor.data: 6144,
Tensor data availability: Topo=Available, Fib=Available
Network entities already created - skipping
======================================================
Entering setup_flow for NET_NPU_ID: 0
gpu id id: 1
CC Method: 1
net_npu_port_num:  1024 sw_port_num:  5120
next_hop_port: 
 6144 [   0    1    2 ... 4863 4991 5119]
time cost for building global routing table: 31.183s
routing table size: (1344, 1344, 32)
next_hop_num size: (1344, 1344)
sampled next hop num: fib[1] = [1 0 1 1 1]

=== start TopoFib data tensorization and passing ===
1. convert data format...
   TopoData size: 63638 elements
   FibData size: 59609088 elements
2. create tensor...
   Topo tensor: torch.Size([200000]), 0.76 MB
   Fib tensor: torch.Size([59609088]), 227.39 MB
   Total data size: 228.15 MB
3. create SimManager and create Agent entity for data passing...
4. pass topo and fib data to C++ side...
   C++ side topo tensor shape: torch.Size([1, 200000])
   C++ side fib tensor shape: torch.Size([1, 59609088])
   ✓ successfully pass data to 1 worlds
5. verify data passing...
   Topo data verification: ✓ passed
   Fib data verification: ✓ passed
=== TopoFib data passing completed ===


-------- frame 0 (0 -- 100) --------
First step, tensor data is ready
frame 1 completed, frame time cost: 7.323s

-------- frame 1 (100 -- 200) --------
frame 2 completed, frame time cost: 0.005s

-------- frame 2 (200 -- 300) --------
frame 3 completed, frame time cost: 0.007s

-------- frame 3 (300 -- 400) --------
frame 4 completed, frame time cost: 0.008s

-------- frame 4 (400 -- 500) --------
frame 5 completed, frame time cost: 0.010s
Simulation is completed!, total time cost: 7.353s
